run_date,stage_num,stage_label,mode,workload,client_mean_mean,client_mean_std,client_p50_mean,client_p50_std,client_p95_mean,client_p95_std,client_p99_mean,client_p99_std,server_mean_mean,server_mean_std,server_p50_mean,server_p50_std,server_p95_mean,server_p95_std,server_p99_mean,server_p99_std,successful_samples_mean,error_rate_mean,client_mean_mean_delta_prev,client_mean_mean_delta_from_s0,client_mean_std_delta_prev,client_mean_std_delta_from_s0,client_p50_mean_delta_prev,client_p50_mean_delta_from_s0,client_p50_std_delta_prev,client_p50_std_delta_from_s0,client_p95_mean_delta_prev,client_p95_mean_delta_from_s0,client_p95_std_delta_prev,client_p95_std_delta_from_s0,client_p99_mean_delta_prev,client_p99_mean_delta_from_s0,client_p99_std_delta_prev,client_p99_std_delta_from_s0,server_mean_mean_delta_prev,server_mean_mean_delta_from_s0,server_mean_std_delta_prev,server_mean_std_delta_from_s0,server_p50_mean_delta_prev,server_p50_mean_delta_from_s0,server_p50_std_delta_prev,server_p50_std_delta_from_s0,server_p95_mean_delta_prev,server_p95_mean_delta_from_s0,server_p95_std_delta_prev,server_p95_std_delta_from_s0,server_p99_mean_delta_prev,server_p99_mean_delta_from_s0,server_p99_std_delta_prev,server_p99_std_delta_from_s0
2025-11-06,0,S0,concurrent,ce_batch,14.100468,,13.563,,17.913149999999998,,21.836219999999994,,12.211052,,12.039,,13.984549999999999,,15.75938,,500.0,0.0,,0.0,,,,0.0,,,,0.0,,,,0.0,,,,0.0,,,,0.0,,,,0.0,,,,0.0,,
2025-11-06,1,S1,concurrent,ce_batch,18.629008,,17.816499999999998,,24.17635,,28.52283,,12.123400000000002,,11.84,,14.349649999999997,,18.28307,,500.0,0.0,4.52854,4.52854,,,4.253499999999997,4.253499999999997,,,6.263200000000001,6.263200000000001,,,6.686610000000005,6.686610000000005,,,-0.08765199999999851,-0.08765199999999851,,,-0.19899999999999984,-0.19899999999999984,,,0.3650999999999982,0.3650999999999982,,,2.5236899999999984,2.5236899999999984,,
2025-11-06,0,S0,concurrent,ce_nobatch,9.240072,,8.586500000000001,,13.479299999999995,,15.699319999999997,,6.753997999999999,,6.593999999999999,,8.305949999999996,,10.099139999999991,,500.0,0.0,,0.0,,,,0.0,,,,0.0,,,,0.0,,,,0.0,,,,0.0,,,,0.0,,,,0.0,,
2025-11-06,1,S1,concurrent,ce_nobatch,13.23326,,12.507,,18.37765,,22.776589999999995,,6.5168859999999995,,6.274,,8.041649999999997,,11.079179999999997,,500.0,0.0,3.993188,3.993188,,,3.9204999999999988,3.9204999999999988,,,4.898350000000004,4.898350000000004,,,7.077269999999999,7.077269999999999,,,-0.23711199999999977,-0.23711199999999977,,,-0.3199999999999994,-0.3199999999999994,,,-0.26429999999999865,-0.26429999999999865,,,0.980040000000006,0.980040000000006,,
2025-11-06,0,S0,concurrent,cr_batch,219.00079399999998,,218.1505,,262.86949999999996,,282.58693999999997,,12.820142,,12.517,,13.864399999999996,,21.50971,,500.0,0.0,,0.0,,,,0.0,,,,0.0,,,,0.0,,,,0.0,,,,0.0,,,,0.0,,,,0.0,,
2025-11-06,1,S1,concurrent,cr_batch,212.19178599999998,,209.88850000000002,,255.4009,,274.69267999999994,,12.715326000000001,,12.4445,,13.79305,,21.29724,,500.0,0.0,-6.809008000000006,-6.809008000000006,,,-8.261999999999972,-8.261999999999972,,,-7.468599999999952,-7.468599999999952,,,-7.894260000000031,-7.894260000000031,,,-0.10481599999999958,-0.10481599999999958,,,-0.07249999999999979,-0.07249999999999979,,,-0.07134999999999714,-0.07134999999999714,,,-0.21246999999999971,-0.21246999999999971,,
2025-11-06,0,S0,concurrent,cr_nobatch,214.775506,,213.5985,,266.71425,,294.89089,,7.4164639999999995,,7.1235,,8.465349999999999,,16.40011999999999,,500.0,0.0,,0.0,,,,0.0,,,,0.0,,,,0.0,,,,0.0,,,,0.0,,,,0.0,,,,0.0,,
2025-11-06,1,S1,concurrent,cr_nobatch,204.58395000000002,,204.752,,253.9838499999999,,270.30354,,7.423246,,7.1605,,8.404649999999998,,15.73305,,500.0,0.0,-10.191555999999991,-10.191555999999991,,,-8.846499999999992,-8.846499999999992,,,-12.730400000000088,-12.730400000000088,,,-24.587350000000015,-24.587350000000015,,,0.006782000000000288,0.006782000000000288,,,0.03699999999999992,0.03699999999999992,,,-0.06070000000000064,-0.06070000000000064,,,-0.6670699999999901,-0.6670699999999901,,
2025-11-06,0,S0,independent,ce_batch,13.830312000000001,,13.3335,,17.806099999999997,,20.482489999999995,,12.003884,,11.7665,,13.616949999999997,,17.145,,500.0,0.0,,0.0,,,,0.0,,,,0.0,,,,0.0,,,,0.0,,,,0.0,,,,0.0,,,,0.0,,
2025-11-06,1,S1,independent,ce_batch,18.217646,,17.466,,22.594299999999997,,28.182299999999994,,11.884704,,11.589500000000001,,13.662949999999997,,16.42619999999999,,500.0,0.0,4.387333999999997,4.387333999999997,,,4.1325,4.1325,,,4.7882,4.7882,,,7.699809999999999,7.699809999999999,,,-0.11918000000000006,-0.11918000000000006,,,-0.1769999999999996,-0.1769999999999996,,,0.045999999999999375,0.045999999999999375,,,-0.7188000000000088,-0.7188000000000088,,
2025-11-06,0,S0,independent,ce_nobatch,8.501896,,7.933999999999999,,12.400049999999998,,15.45014,,6.652556,,6.4585,,7.737649999999999,,11.168479999999999,,500.0,0.0,,0.0,,,,0.0,,,,0.0,,,,0.0,,,,0.0,,,,0.0,,,,0.0,,,,0.0,,
2025-11-06,1,S1,independent,ce_nobatch,12.884701999999999,,12.192,,18.077749999999998,,24.955759999999998,,6.566714,,6.3195,,7.988749999999987,,11.994219999999993,,500.0,0.0,4.382805999999999,4.382805999999999,,,4.258000000000001,4.258000000000001,,,5.6777,5.6777,,,9.505619999999999,9.505619999999999,,,-0.08584199999999953,-0.08584199999999953,,,-0.13900000000000023,-0.13900000000000023,,,0.25109999999998855,0.25109999999998855,,,0.8257399999999944,0.8257399999999944,,
2025-11-06,0,S0,independent,cr_batch,182.514594,,201.904,,251.53899999999996,,264.21410000000003,,12.605922,,12.473500000000001,,13.554699999999997,,15.112329999999993,,500.0,0.0,,0.0,,,,0.0,,,,0.0,,,,0.0,,,,0.0,,,,0.0,,,,0.0,,,,0.0,,
2025-11-06,1,S1,independent,cr_batch,181.6517,,196.68599999999998,,253.60054999999994,,279.48033999999996,,12.74084,,12.477,,14.15104999999999,,19.58111,,500.0,0.0,-0.862893999999983,-0.862893999999983,,,-5.218000000000018,-5.218000000000018,,,2.0615499999999827,2.0615499999999827,,,15.266239999999925,15.266239999999925,,,0.13491800000000076,0.13491800000000076,,,0.0034999999999989484,0.0034999999999989484,,,0.5963499999999939,0.5963499999999939,,,4.468780000000006,4.468780000000006,,
2025-11-06,0,S0,independent,cr_nobatch,179.70138400000002,,201.754,,247.66324999999998,,268.09943999999996,,7.3431999999999995,,7.1695,,8.235399999999998,,12.119469999999998,,500.0,0.0,,0.0,,,,0.0,,,,0.0,,,,0.0,,,,0.0,,,,0.0,,,,0.0,,,,0.0,,
2025-11-06,1,S1,independent,cr_nobatch,177.051792,,194.7555,,241.83104999999998,,271.85374999999993,,7.450996,,7.157,,8.447399999999998,,15.318829999999997,,500.0,0.0,-2.6495920000000126,-2.6495920000000126,,,-6.998499999999979,-6.998499999999979,,,-5.8322,-5.8322,,,3.7543099999999754,3.7543099999999754,,,0.10779600000000045,0.10779600000000045,,,-0.012500000000000178,-0.012500000000000178,,,0.21199999999999974,0.21199999999999974,,,3.1993599999999986,3.1993599999999986,,
2025-11-07,1,S1,concurrent,ce_batch,18.948784,,18.195999999999998,,24.40905,,28.15484,,12.437766,,12.066,,15.00134999999999,,18.495499999999996,,500.0,0.0,,0.0,,,,0.0,,,,0.0,,,,0.0,,,,0.0,,,,0.0,,,,0.0,,,,0.0,,
2025-11-07,2,S2,concurrent,ce_batch,18.791379999999997,,18.029,,23.856349999999996,,29.045659999999998,,12.280617999999999,,12.1095,,13.37495,,16.081569999999985,,500.0,0.0,-0.1574040000000032,-0.1574040000000032,,,-0.16699999999999804,-0.16699999999999804,,,-0.5527000000000051,-0.5527000000000051,,,0.890819999999998,0.890819999999998,,,-0.15714800000000118,-0.15714800000000118,,,0.04349999999999987,0.04349999999999987,,,-1.6263999999999896,-1.6263999999999896,,,-2.4139300000000112,-2.4139300000000112,,
2025-11-07,1,S1,concurrent,ce_nobatch,13.490011999999998,,12.68,,18.959499999999995,,22.842959999999994,,6.868755999999999,,6.652,,8.274899999999997,,12.165409999999984,,500.0,0.0,,0.0,,,,0.0,,,,0.0,,,,0.0,,,,0.0,,,,0.0,,,,0.0,,,,0.0,,
2025-11-07,2,S2,concurrent,ce_nobatch,13.414130000000002,,12.702,,17.692899999999995,,23.519149999999996,,6.819896000000001,,6.667,,7.810749999999999,,10.397349999999994,,500.0,0.0,-0.07588199999999645,-0.07588199999999645,,,0.02200000000000024,0.02200000000000024,,,-1.2666000000000004,-1.2666000000000004,,,0.6761900000000018,0.6761900000000018,,,-0.04885999999999857,-0.04885999999999857,,,0.01499999999999968,0.01499999999999968,,,-0.4641499999999983,-0.4641499999999983,,,-1.7680599999999895,-1.7680599999999895,,
2025-11-07,1,S1,concurrent,cr_batch,212.56914400000002,,211.4755,,258.59225,,267.21608,,12.456779999999998,,12.280999999999999,,13.2625,,20.81641,,500.0,0.0,,0.0,,,,0.0,,,,0.0,,,,0.0,,,,0.0,,,,0.0,,,,0.0,,,,0.0,,
2025-11-07,2,S2,concurrent,cr_batch,215.777844,,214.457,,258.4971,,276.30415,,12.53242,,12.304,,13.645199999999999,,20.674839999999996,,500.0,0.0,3.208699999999965,3.208699999999965,,,2.9814999999999827,2.9814999999999827,,,-0.09514999999998963,-0.09514999999998963,,,9.088070000000016,9.088070000000016,,,0.0756400000000017,0.0756400000000017,,,0.023000000000001464,0.023000000000001464,,,0.3826999999999998,0.3826999999999998,,,-0.14157000000000508,-0.14157000000000508,,
2025-11-07,1,S1,concurrent,cr_nobatch,207.263936,,206.3455,,250.01334999999997,,270.01495,,7.194016,,6.922499999999999,,8.131549999999999,,16.008809999999997,,500.0,0.0,,0.0,,,,0.0,,,,0.0,,,,0.0,,,,0.0,,,,0.0,,,,0.0,,,,0.0,,
2025-11-07,2,S2,concurrent,cr_nobatch,206.948908,,204.5115,,258.0671,,276.74861,,7.15092,,6.987500000000001,,8.1747,,9.497429999999977,,500.0,0.0,-0.3150280000000123,-0.3150280000000123,,,-1.8339999999999748,-1.8339999999999748,,,8.053750000000008,8.053750000000008,,,6.733659999999986,6.733659999999986,,,-0.043096000000000245,-0.043096000000000245,,,0.06500000000000128,0.06500000000000128,,,0.04315000000000069,0.04315000000000069,,,-6.51138000000002,-6.51138000000002,,
2025-11-07,1,S1,independent,ce_batch,18.765309999999996,,18.192,,22.456799999999987,,29.006479999999993,,12.43858,,12.153500000000001,,13.864249999999993,,18.007329999999993,,500.0,0.0,,0.0,,,,0.0,,,,0.0,,,,0.0,,,,0.0,,,,0.0,,,,0.0,,,,0.0,,
2025-11-07,2,S2,independent,ce_batch,18.35679,,17.834,,22.309549999999994,,26.185959999999984,,12.091668,,11.9785,,12.9399,,16.02067,,500.0,0.0,-0.4085199999999958,-0.4085199999999958,,,-0.35800000000000054,-0.35800000000000054,,,-0.14724999999999255,-0.14724999999999255,,,-2.820520000000009,-2.820520000000009,,,-0.34691199999999967,-0.34691199999999967,,,-0.1750000000000007,-0.1750000000000007,,,-0.9243499999999933,-0.9243499999999933,,,-1.9866599999999934,-1.9866599999999934,,
2025-11-07,1,S1,independent,ce_nobatch,13.336727999999999,,12.628,,18.048099999999998,,23.795919999999995,,7.014558000000001,,6.7940000000000005,,8.239449999999998,,11.15863999999999,,500.0,0.0,,0.0,,,,0.0,,,,0.0,,,,0.0,,,,0.0,,,,0.0,,,,0.0,,,,0.0,,
2025-11-07,2,S2,independent,ce_nobatch,13.113748,,12.54,,16.643699999999992,,25.02698999999999,,6.791186,,6.675,,7.603199999999999,,8.259279999999995,,500.0,0.0,-0.22297999999999973,-0.22297999999999973,,,-0.08800000000000097,-0.08800000000000097,,,-1.404400000000006,-1.404400000000006,,,1.2310699999999954,1.2310699999999954,,,-0.22337200000000124,-0.22337200000000124,,,-0.11900000000000066,-0.11900000000000066,,,-0.6362499999999986,-0.6362499999999986,,,-2.8993599999999944,-2.8993599999999944,,
2025-11-07,1,S1,independent,cr_batch,182.154356,,197.4915,,251.18199999999996,,278.83358,,12.443653999999999,,12.2965,,13.490699999999999,,16.460569999999993,,500.0,0.0,,0.0,,,,0.0,,,,0.0,,,,0.0,,,,0.0,,,,0.0,,,,0.0,,,,0.0,,
2025-11-07,2,S2,independent,cr_batch,183.333676,,202.52,,258.13615,,282.17699999999996,,12.365810000000002,,12.256,,13.260449999999999,,13.89711,,500.0,0.0,1.17931999999999,1.17931999999999,,,5.028500000000008,5.028500000000008,,,6.954150000000027,6.954150000000027,,,3.3434199999999805,3.3434199999999805,,,-0.07784399999999714,-0.07784399999999714,,,-0.04049999999999976,-0.04049999999999976,,,-0.23024999999999984,-0.23024999999999984,,,-2.563459999999994,-2.563459999999994,,
2025-11-07,1,S1,independent,cr_nobatch,177.55243200000004,,196.3125,,247.11275,,263.3237499999999,,7.146540000000001,,7.05,,8.166099999999998,,9.98782999999999,,500.0,0.0,,0.0,,,,0.0,,,,0.0,,,,0.0,,,,0.0,,,,0.0,,,,0.0,,,,0.0,,
2025-11-07,2,S2,independent,cr_nobatch,177.15119799999997,,193.716,,244.74259999999998,,270.1095899999999,,7.056185999999999,,6.984500000000001,,7.770499999999999,,8.626279999999998,,500.0,0.0,-0.40123400000007337,-0.40123400000007337,,,-2.596499999999992,-2.596499999999992,,,-2.3701500000000237,-2.3701500000000237,,,6.785840000000007,6.785840000000007,,,-0.09035400000000138,-0.09035400000000138,,,-0.06549999999999923,-0.06549999999999923,,,-0.39559999999999906,-0.39559999999999906,,,-1.3615499999999923,-1.3615499999999923,,
2025-11-08,3,S3,concurrent,ce_batch,20.955298000000003,,19.796,,27.133249999999993,,32.042539999999995,,12.134928,,12.022,,13.1342,,14.06719,,500.0,0.0,,0.0,,,,0.0,,,,0.0,,,,0.0,,,,0.0,,,,0.0,,,,0.0,,,,0.0,,
2025-11-08,3,S3,concurrent,ce_nobatch,17.55073,,16.04,,26.3113,,32.37047,,6.687744,,6.614,,7.524099999999998,,8.166199999999998,,500.0,0.0,,0.0,,,,0.0,,,,0.0,,,,0.0,,,,0.0,,,,0.0,,,,0.0,,,,0.0,,
2025-11-08,3,S3,concurrent,cr_batch,104.09576000000001,,102.828,,125.87594999999999,,139.53501,,12.777216000000001,,12.597999999999999,,13.856449999999999,,19.08957,,500.0,0.0,,0.0,,,,0.0,,,,0.0,,,,0.0,,,,0.0,,,,0.0,,,,0.0,,,,0.0,,
2025-11-08,3,S3,concurrent,cr_nobatch,100.43101000000001,,98.3155,,123.33844999999994,,147.20481999999998,,7.394902,,7.153499999999999,,8.4325,,15.129059999999999,,500.0,0.0,,0.0,,,,0.0,,,,0.0,,,,0.0,,,,0.0,,,,0.0,,,,0.0,,,,0.0,,
2025-11-08,3,S3,independent,ce_batch,19.815078,,19.0505,,24.9291,,28.52805,,11.861822,,11.763,,12.86495,,13.733829999999998,,500.0,0.0,,0.0,,,,0.0,,,,0.0,,,,0.0,,,,0.0,,,,0.0,,,,0.0,,,,0.0,,
2025-11-08,3,S3,independent,ce_nobatch,14.677406000000001,,13.7035,,21.456499999999995,,25.997499999999995,,6.618682000000001,,6.5235,,7.48205,,8.573069999999998,,500.0,0.0,,0.0,,,,0.0,,,,0.0,,,,0.0,,,,0.0,,,,0.0,,,,0.0,,,,0.0,,
2025-11-08,3,S3,independent,cr_batch,99.29019,,103.69749999999999,,132.78184999999993,,147.61328,,12.908296,,12.631,,14.514399999999998,,20.26017,,500.0,0.0,,0.0,,,,0.0,,,,0.0,,,,0.0,,,,0.0,,,,0.0,,,,0.0,,,,0.0,,
2025-11-08,3,S3,independent,cr_nobatch,94.26791200000001,,97.001,,126.35555,,139.1396,,7.440568000000001,,7.2219999999999995,,8.55405,,11.890729999999994,,500.0,0.0,,0.0,,,,0.0,,,,0.0,,,,0.0,,,,0.0,,,,0.0,,,,0.0,,,,0.0,,
2025-11-09,3,S3,concurrent,ce_batch,19.21689,,18.2265,,24.95335,,29.717669999999995,,11.610774,,11.489,,12.64195,,13.528569999999995,,500.0,0.0,,0.0,,,,0.0,,,,0.0,,,,0.0,,,,0.0,,,,0.0,,,,0.0,,,,0.0,,
2025-11-09,4,S4,concurrent,ce_batch,23.507246,,21.8015,,34.91954999999999,,45.24325999999999,,13.884975999999998,,12.756499999999999,,19.7349,,26.636009999999978,,500.0,0.0,4.290355999999999,4.290355999999999,,,3.5749999999999993,3.5749999999999993,,,9.966199999999986,9.966199999999986,,,15.525589999999998,15.525589999999998,,,2.274201999999999,2.274201999999999,,,1.2674999999999983,1.2674999999999983,,,7.09295,7.09295,,,13.107439999999983,13.107439999999983,,
2025-11-09,3,S3,concurrent,ce_nobatch,15.877934,,13.975999999999999,,23.68039999999999,,26.88208,,6.175008,,6.0885,,6.946949999999999,,7.44512,,500.0,0.0,,0.0,,,,0.0,,,,0.0,,,,0.0,,,,0.0,,,,0.0,,,,0.0,,,,0.0,,
2025-11-09,4,S4,concurrent,ce_nobatch,19.192858,,17.6965,,30.34314999999999,,42.58590999999996,,7.462724000000001,,6.8134999999999994,,11.220799999999995,,16.929709999999996,,500.0,0.0,3.3149240000000013,3.3149240000000013,,,3.7205000000000013,3.7205000000000013,,,6.662749999999999,6.662749999999999,,,15.703829999999964,15.703829999999964,,,1.2877160000000005,1.2877160000000005,,,0.7249999999999996,0.7249999999999996,,,4.273849999999996,4.273849999999996,,,9.484589999999997,9.484589999999997,,
2025-11-09,3,S3,concurrent,cr_batch,106.632244,,104.89949999999999,,130.9931,,146.4539,,13.089322,,12.756,,14.898699999999993,,20.48246,,500.0,0.0,,0.0,,,,0.0,,,,0.0,,,,0.0,,,,0.0,,,,0.0,,,,0.0,,,,0.0,,
2025-11-09,4,S4,concurrent,cr_batch,110.16736999999999,,108.97149999999999,,135.34099999999995,,148.12673999999996,,12.750350000000001,,12.5125,,13.800649999999997,,21.246879999999997,,500.0,0.0,3.535125999999991,3.535125999999991,,,4.072000000000003,4.072000000000003,,,4.347899999999953,4.347899999999953,,,1.672839999999951,1.672839999999951,,,-0.3389719999999983,-0.3389719999999983,,,-0.24350000000000094,-0.24350000000000094,,,-1.0980499999999953,-1.0980499999999953,,,0.7644199999999977,0.7644199999999977,,
2025-11-09,3,S3,concurrent,cr_nobatch,103.472938,,98.98750000000001,,127.7194,,143.53243999999998,,7.580021999999999,,7.3485,,8.503449999999994,,11.782569999999987,,500.0,0.0,,0.0,,,,0.0,,,,0.0,,,,0.0,,,,0.0,,,,0.0,,,,0.0,,,,0.0,,
2025-11-09,4,S4,concurrent,cr_nobatch,104.707318,,103.801,,132.78794999999997,,146.53966999999994,,7.694944,,7.307,,8.492649999999998,,15.95752,,500.0,0.0,1.2343800000000016,1.2343800000000016,,,4.813499999999991,4.813499999999991,,,5.0685499999999735,5.0685499999999735,,,3.0072299999999643,3.0072299999999643,,,0.11492200000000086,0.11492200000000086,,,-0.041499999999999204,-0.041499999999999204,,,-0.010799999999996146,-0.010799999999996146,,,4.174950000000013,4.174950000000013,,
2025-11-09,3,S3,independent,ce_batch,17.735684000000003,,16.981,,22.292399999999994,,26.756479999999986,,11.413902,,11.245,,12.184249999999999,,13.232709999999996,,500.0,0.0,,0.0,,,,0.0,,,,0.0,,,,0.0,,,,0.0,,,,0.0,,,,0.0,,,,0.0,,
2025-11-09,4,S4,independent,ce_batch,21.80534,,19.939999999999998,,31.98149999999999,,43.82361999999998,,13.774209999999998,,12.61,,20.04685,,29.119319999999995,,500.0,0.0,4.069655999999998,4.069655999999998,,,2.958999999999996,2.958999999999996,,,9.689099999999996,9.689099999999996,,,17.06713999999999,17.06713999999999,,,2.360307999999998,2.360307999999998,,,1.3650000000000002,1.3650000000000002,,,7.8626000000000005,7.8626000000000005,,,15.88661,15.88661,,
2025-11-09,3,S3,independent,ce_nobatch,12.700274000000002,,11.86,,18.642049999999998,,22.260559999999995,,6.117648,,6.0445,,6.92105,,7.853629999999999,,500.0,0.0,,0.0,,,,0.0,,,,0.0,,,,0.0,,,,0.0,,,,0.0,,,,0.0,,,,0.0,,
2025-11-09,4,S4,independent,ce_nobatch,15.741507999999998,,13.7345,,25.558499999999995,,31.90833999999998,,7.3804799999999995,,6.6315,,11.697449999999995,,15.727729999999989,,500.0,0.0,3.0412339999999958,3.0412339999999958,,,1.8745000000000012,1.8745000000000012,,,6.9164499999999975,6.9164499999999975,,,9.647779999999987,9.647779999999987,,,1.2628319999999995,1.2628319999999995,,,0.5869999999999997,0.5869999999999997,,,4.776399999999994,4.776399999999994,,,7.87409999999999,7.87409999999999,,
2025-11-09,3,S3,independent,cr_batch,100.56626999999999,,106.0245,,133.7167,,146.20513999999997,,12.606772000000001,,12.489,,13.694499999999998,,14.629359999999998,,500.0,0.0,,0.0,,,,0.0,,,,0.0,,,,0.0,,,,0.0,,,,0.0,,,,0.0,,,,0.0,,
2025-11-09,4,S4,independent,cr_batch,101.97198,,106.76249999999999,,135.5656,,148.14766,,12.754786,,12.5975,,13.700849999999999,,17.067989999999995,,500.0,0.0,1.4057100000000133,1.4057100000000133,,,0.7379999999999853,0.7379999999999853,,,1.8488999999999862,1.8488999999999862,,,1.9425200000000302,1.9425200000000302,,,0.1480139999999981,0.1480139999999981,,,0.10849999999999937,0.10849999999999937,,,0.006350000000001188,0.006350000000001188,,,2.4386299999999963,2.4386299999999963,,
2025-11-09,3,S3,independent,cr_nobatch,95.09882400000001,,99.911,,129.5341,,140.41108,,7.251122,,7.175,,8.136999999999999,,9.128549999999999,,500.0,0.0,,0.0,,,,0.0,,,,0.0,,,,0.0,,,,0.0,,,,0.0,,,,0.0,,,,0.0,,
2025-11-09,4,S4,independent,cr_nobatch,96.42826800000002,,100.6705,,130.9031,,144.18126999999998,,7.378036,,7.208,,8.401899999999996,,12.049949999999994,,500.0,0.0,1.3294440000000094,1.3294440000000094,,,0.7595000000000027,0.7595000000000027,,,1.3689999999999998,1.3689999999999998,,,3.7701899999999853,3.7701899999999853,,,0.1269140000000002,0.1269140000000002,,,0.03300000000000036,0.03300000000000036,,,0.26489999999999725,0.26489999999999725,,,2.921399999999995,2.921399999999995,,
2025-11-11,2,S2,concurrent,ce_batch,18.737946000000004,,17.6495,,23.603149999999992,,26.723859999999988,,11.817096000000001,,11.699,,12.8637,,13.769879999999997,,500.0,0.0,,0.0,,,,0.0,,,,0.0,,,,0.0,,,,0.0,,,,0.0,,,,0.0,,,,0.0,,
2025-11-11,3,S3,concurrent,ce_batch,19.731332000000002,,18.4565,,25.685449999999992,,28.542329999999996,,11.898346,,11.743500000000001,,12.973549999999998,,13.873109999999999,,500.0,0.0,0.9933859999999974,0.9933859999999974,,,0.8069999999999986,0.8069999999999986,,,2.0823,2.0823,,,1.8184700000000085,1.8184700000000085,,,0.08124999999999893,0.08124999999999893,,,0.044500000000001094,0.044500000000001094,,,0.109849999999998,0.109849999999998,,,0.10323000000000171,0.10323000000000171,,
2025-11-11,4,S4,concurrent,ce_batch,24.443337999999997,,23.1685,,36.2733,,43.119009999999996,,14.485815999999998,,13.216000000000001,,20.766299999999994,,28.242729999999987,,500.0,0.0,4.712005999999995,5.705391999999993,,,4.712000000000003,5.519000000000002,,,10.587850000000007,12.670150000000007,,,14.57668,16.395150000000008,,,2.587469999999998,2.668719999999997,,,1.4725000000000001,1.5170000000000012,,,7.792749999999996,7.902599999999994,,,14.369619999999989,14.47284999999999,,
2025-11-11,2,S2,concurrent,ce_nobatch,15.194234,,13.5855,,23.2365,,25.714379999999988,,6.395932000000001,,6.3365,,7.214,,7.58126,,500.0,0.0,,0.0,,,,0.0,,,,0.0,,,,0.0,,,,0.0,,,,0.0,,,,0.0,,,,0.0,,
2025-11-11,3,S3,concurrent,ce_nobatch,16.192842,,14.071000000000002,,24.465899999999998,,27.369919999999997,,6.482710000000001,,6.397,,7.3301,,8.630339999999999,,500.0,0.0,0.998607999999999,0.998607999999999,,,0.4855000000000018,0.4855000000000018,,,1.2293999999999983,1.2293999999999983,,,1.6555400000000091,1.6555400000000091,,,0.0867779999999998,0.0867779999999998,,,0.06050000000000022,0.06050000000000022,,,0.11609999999999943,0.11609999999999943,,,1.0490799999999982,1.0490799999999982,,
2025-11-11,4,S4,concurrent,ce_nobatch,20.689610000000002,,19.0685,,34.96424999999998,,43.66986999999999,,8.116494000000001,,7.263,,13.77685,,19.5133,,500.0,0.0,4.496768000000003,5.495376000000002,,,4.997499999999999,5.4830000000000005,,,10.49834999999998,11.727749999999979,,,16.299949999999992,17.95549,,,1.6337840000000003,1.7205620000000001,,,0.8659999999999997,0.9264999999999999,,,6.44675,6.562849999999999,,,10.882960000000002,11.93204,,
2025-11-11,2,S2,concurrent,cr_batch,104.549138,,103.38900000000001,,125.66624999999998,,144.85957,,13.154872,,12.894,,14.18015,,18.540509999999998,,500.0,0.0,,0.0,,,,0.0,,,,0.0,,,,0.0,,,,0.0,,,,0.0,,,,0.0,,,,0.0,,
2025-11-11,3,S3,concurrent,cr_batch,106.17724799999999,,105.2305,,126.09324999999997,,143.12915999999998,,13.074848000000001,,12.784,,14.82775,,20.26105,,500.0,0.0,1.6281099999999924,1.6281099999999924,,,1.8414999999999964,1.8414999999999964,,,0.4269999999999925,0.4269999999999925,,,-1.7304100000000062,-1.7304100000000062,,,-0.0800239999999981,-0.0800239999999981,,,-0.10999999999999943,-0.10999999999999943,,,0.6476000000000006,0.6476000000000006,,,1.7205400000000033,1.7205400000000033,,
2025-11-11,4,S4,concurrent,cr_batch,109.288614,,107.85650000000001,,135.2054,,150.56737999999999,,13.14648,,12.8015,,15.519349999999998,,20.097239999999992,,500.0,0.0,3.111366000000004,4.739475999999996,,,2.6260000000000048,4.467500000000001,,,9.112150000000028,9.53915000000002,,,7.438220000000001,5.707809999999995,,,0.07163199999999925,-0.008391999999998845,,,0.01750000000000007,-0.09249999999999936,,,0.6915999999999976,1.3391999999999982,,,-0.16381000000000867,1.5567299999999946,,
2025-11-11,2,S2,concurrent,cr_nobatch,98.18022599999999,,95.304,,125.04054999999995,,150.38440999999997,,7.817286,,7.529999999999999,,9.653299999999994,,12.905109999999999,,500.0,0.0,,0.0,,,,0.0,,,,0.0,,,,0.0,,,,0.0,,,,0.0,,,,0.0,,,,0.0,,
2025-11-11,3,S3,concurrent,cr_nobatch,100.520914,,99.5735,,124.07845,,138.10314,,7.770170000000001,,7.485,,8.907949999999992,,15.005609999999988,,500.0,0.0,2.3406880000000143,2.3406880000000143,,,4.269499999999994,4.269499999999994,,,-0.9620999999999498,-0.9620999999999498,,,-12.281269999999978,-12.281269999999978,,,-0.04711599999999905,-0.04711599999999905,,,-0.04499999999999904,-0.04499999999999904,,,-0.745350000000002,-0.745350000000002,,,2.1004999999999896,2.1004999999999896,,
2025-11-11,4,S4,concurrent,cr_nobatch,102.922576,,101.759,,129.89424999999997,,141.8059,,7.619996,,7.3505,,9.032349999999994,,12.84859,,500.0,0.0,2.4016620000000017,4.742350000000016,,,2.1855000000000047,6.454999999999998,,,5.815799999999967,4.853700000000018,,,3.702760000000012,-8.578509999999966,,,-0.1501740000000007,-0.19728999999999974,,,-0.13450000000000006,-0.1794999999999991,,,0.1244000000000014,-0.6209500000000006,,,-2.1570199999999886,-0.056519999999999015,,
2025-11-11,2,S2,independent,ce_batch,18.13878,,17.217,,22.684949999999997,,27.64115,,11.985975999999999,,11.635,,12.735299999999999,,15.964089999999997,,500.0,0.0,,0.0,,,,0.0,,,,0.0,,,,0.0,,,,0.0,,,,0.0,,,,0.0,,,,0.0,,
2025-11-11,3,S3,independent,ce_batch,18.347702,,17.6635,,22.884499999999996,,26.06288,,11.823284,,11.6425,,12.716199999999995,,14.660369999999993,,500.0,0.0,0.20892200000000116,0.20892200000000116,,,0.44650000000000034,0.44650000000000034,,,0.19954999999999856,0.19954999999999856,,,-1.5782699999999998,-1.5782699999999998,,,-0.16269199999999984,-0.16269199999999984,,,0.007500000000000284,0.007500000000000284,,,-0.019100000000003448,-0.019100000000003448,,,-1.3037200000000038,-1.3037200000000038,,
2025-11-11,4,S4,independent,ce_batch,22.44563,,20.561999999999998,,31.79774999999999,,44.337099999999985,,14.084119999999999,,12.8225,,20.20955,,24.396149999999995,,500.0,0.0,4.097928,4.306850000000001,,,2.8984999999999985,3.344999999999999,,,8.913249999999994,9.112799999999993,,,18.274219999999985,16.695949999999986,,,2.2608359999999994,2.0981439999999996,,,1.1799999999999997,1.1875,,,7.493350000000005,7.474250000000001,,,9.735780000000002,8.432059999999998,,
2025-11-11,2,S2,independent,ce_nobatch,13.008492,,12.0205,,18.38134999999999,,23.605139999999995,,6.663814,,6.38,,7.365949999999998,,11.114090000000001,,500.0,0.0,,0.0,,,,0.0,,,,0.0,,,,0.0,,,,0.0,,,,0.0,,,,0.0,,,,0.0,,
2025-11-11,3,S3,independent,ce_nobatch,13.505702000000001,,12.540500000000002,,19.39909999999999,,23.689319999999995,,6.529596,,6.448,,7.396699999999998,,8.181479999999999,,500.0,0.0,0.4972100000000008,0.4972100000000008,,,0.5200000000000014,0.5200000000000014,,,1.0177499999999995,1.0177499999999995,,,0.08417999999999992,0.08417999999999992,,,-0.13421800000000061,-0.13421800000000061,,,0.0680000000000005,0.0680000000000005,,,0.030750000000000277,0.030750000000000277,,,-2.932610000000002,-2.932610000000002,,
2025-11-11,4,S4,independent,ce_nobatch,16.19763,,14.3045,,27.862499999999986,,35.680009999999996,,7.736211999999999,,6.8885000000000005,,11.964449999999994,,19.718069999999987,,500.0,0.0,2.691927999999999,3.189138,,,1.7639999999999993,2.2840000000000007,,,8.463399999999996,9.481149999999996,,,11.99069,12.07487,,,1.2066159999999995,1.0723979999999989,,,0.4405000000000001,0.5085000000000006,,,4.567749999999996,4.598499999999996,,,11.536589999999988,8.603979999999986,,
2025-11-11,2,S2,independent,cr_batch,97.863522,,102.5795,,128.65345,,136.97372000000001,,13.158918000000002,,12.929,,15.348099999999997,,17.92635,,500.0,0.0,,0.0,,,,0.0,,,,0.0,,,,0.0,,,,0.0,,,,0.0,,,,0.0,,,,0.0,,
2025-11-11,3,S3,independent,cr_batch,100.2075,,104.3715,,133.42249999999999,,148.03103999999996,,13.268949999999998,,12.942,,15.843399999999985,,19.07391999999999,,500.0,0.0,2.343977999999993,2.343977999999993,,,1.7920000000000016,1.7920000000000016,,,4.769049999999993,4.769049999999993,,,11.057319999999947,11.057319999999947,,,0.1100319999999968,0.1100319999999968,,,0.0129999999999999,0.0129999999999999,,,0.49529999999998786,0.49529999999998786,,,1.147569999999991,1.147569999999991,,
2025-11-11,4,S4,independent,cr_batch,100.540576,,106.02449999999999,,132.46189999999996,,142.71471,,12.887329999999999,,12.7325,,13.98015,,16.877699999999994,,500.0,0.0,0.3330760000000055,2.6770539999999983,,,1.6529999999999916,3.444999999999993,,,-0.9606000000000279,3.808449999999965,,,-5.316329999999965,5.740989999999982,,,-0.38161999999999985,-0.27158800000000305,,,-0.20950000000000024,-0.19650000000000034,,,-1.8632499999999848,-1.367949999999997,,,-2.1962199999999967,-1.0486500000000056,,
2025-11-11,2,S2,independent,cr_nobatch,93.311978,,98.776,,125.09729999999998,,138.07142999999996,,7.8180499999999995,,7.6065000000000005,,9.318199999999988,,12.531289999999995,,500.0,0.0,,0.0,,,,0.0,,,,0.0,,,,0.0,,,,0.0,,,,0.0,,,,0.0,,,,0.0,,
2025-11-11,3,S3,independent,cr_nobatch,95.514704,,100.679,,128.02175,,145.22339,,7.84001,,7.5875,,9.896849999999988,,13.042229999999996,,500.0,0.0,2.2027259999999984,2.2027259999999984,,,1.9030000000000058,1.9030000000000058,,,2.9244500000000215,2.9244500000000215,,,7.151960000000031,7.151960000000031,,,0.021960000000000868,0.021960000000000868,,,-0.019000000000000128,-0.019000000000000128,,,0.5786499999999997,0.5786499999999997,,,0.5109400000000015,0.5109400000000015,,
2025-11-11,4,S4,independent,cr_nobatch,96.745892,,102.39250000000001,,129.85824999999997,,144.37595999999996,,7.67291,,7.4045000000000005,,9.115199999999989,,14.360069999999999,,500.0,0.0,1.231188000000003,3.4339140000000015,,,1.7135000000000105,3.6165000000000163,,,1.8364999999999725,4.760949999999994,,,-0.8474300000000312,6.30453,,,-0.16710000000000047,-0.1451399999999996,,,-0.18299999999999983,-0.20199999999999996,,,-0.7816499999999991,-0.2029999999999994,,,1.3178400000000021,1.8287800000000036,,
2025-11-14,0,S0,concurrent,ce_batch,13.378216,,12.9455,,16.958849999999995,,19.579929999999997,,12.227654000000001,,12.009,,13.66955,,17.29959,,500.0,0.0,,0.0,,,,0.0,,,,0.0,,,,0.0,,,,0.0,,,,0.0,,,,0.0,,,,0.0,,
2025-11-14,1,S1,concurrent,ce_batch,18.372888,,17.814,,22.747799999999994,,25.07631,,12.223632,,12.034500000000001,,13.9007,,16.7638,,500.0,0.0,4.994672,4.994672,,,4.868500000000001,4.868500000000001,,,5.78895,5.78895,,,5.496380000000002,5.496380000000002,,,-0.004022000000000858,-0.004022000000000858,,,0.025500000000000966,0.025500000000000966,,,0.2311500000000013,0.2311500000000013,,,-0.5357899999999987,-0.5357899999999987,,
2025-11-14,2,S2,concurrent,ce_batch,19.529516,,18.5885,,24.9607,,27.07027,,12.394701999999999,,12.221,,13.6727,,16.600479999999997,,500.0,0.0,1.1566280000000013,6.151300000000001,,,0.7744999999999997,5.643000000000001,,,2.2129000000000048,8.001850000000005,,,1.9939600000000013,7.490340000000003,,,0.1710699999999985,0.16704799999999764,,,0.18649999999999878,0.21199999999999974,,,-0.22799999999999976,0.0031500000000015405,,,-0.16332000000000235,-0.699110000000001,,
2025-11-14,0,S0,concurrent,ce_nobatch,8.431858,,7.699,,13.271099999999999,,15.662469999999988,,6.915719999999999,,6.666,,8.696999999999997,,11.809109999999999,,500.0,0.0,,0.0,,,,0.0,,,,0.0,,,,0.0,,,,0.0,,,,0.0,,,,0.0,,,,0.0,,
2025-11-14,1,S1,concurrent,ce_nobatch,12.946402,,12.381499999999999,,17.39915,,19.83475,,6.874327999999999,,6.6155,,8.575599999999998,,11.956399999999999,,500.0,0.0,4.514544000000001,4.514544000000001,,,4.682499999999999,4.682499999999999,,,4.12805,4.12805,,,4.172280000000011,4.172280000000011,,,-0.041392000000000095,-0.041392000000000095,,,-0.05050000000000043,-0.05050000000000043,,,-0.12139999999999951,-0.12139999999999951,,,0.14728999999999992,0.14728999999999992,,
2025-11-14,2,S2,concurrent,ce_nobatch,16.06437,,14.4835,,24.282949999999992,,27.812709999999996,,7.053824,,6.827,,8.203599999999998,,11.905389999999999,,500.0,0.0,3.1179679999999994,7.632512,,,2.1020000000000003,6.7844999999999995,,,6.883799999999994,11.011849999999994,,,7.977959999999996,12.150240000000007,,,0.17949600000000032,0.13810400000000023,,,0.21150000000000002,0.1609999999999996,,,-0.3719999999999999,-0.4933999999999994,,,-0.05100999999999978,0.09628000000000014,,
2025-11-14,0,S0,concurrent,cr_batch,104.70432000000001,,103.0685,,128.7903,,140.97898,,13.493334,,13.336,,14.964049999999999,,17.575549999999996,,500.0,0.0,,0.0,,,,0.0,,,,0.0,,,,0.0,,,,0.0,,,,0.0,,,,0.0,,,,0.0,,
2025-11-14,1,S1,concurrent,cr_batch,99.74471399999999,,99.261,,113.84759999999997,,129.99529,,13.66775,,13.46,,15.012149999999991,,18.2121,,500.0,0.0,-4.959606000000022,-4.959606000000022,,,-3.8075000000000045,-3.8075000000000045,,,-14.94270000000003,-14.94270000000003,,,-10.983689999999996,-10.983689999999996,,,0.17441599999999902,0.17441599999999902,,,0.12400000000000055,0.12400000000000055,,,0.048099999999992704,0.048099999999992704,,,0.6365500000000033,0.6365500000000033,,
2025-11-14,2,S2,concurrent,cr_batch,97.638312,,96.8495,,114.82985,,130.14702,,13.731252,,13.517,,15.3978,,18.675250000000002,,500.0,0.0,-2.1064019999999886,-7.066008000000011,,,-2.4114999999999895,-6.218999999999994,,,0.9822500000000218,-13.960450000000009,,,0.15172999999998638,-10.83196000000001,,,0.06350199999999973,0.23791799999999874,,,0.05699999999999861,0.18099999999999916,,,0.38565000000000893,0.43375000000000163,,,0.4631500000000024,1.0997000000000057,,
2025-11-14,0,S0,concurrent,cr_nobatch,101.642568,,98.0435,,128.35154999999995,,143.3707,,8.221502000000001,,8.021,,9.855499999999997,,12.59884,,500.0,0.0,,0.0,,,,0.0,,,,0.0,,,,0.0,,,,0.0,,,,0.0,,,,0.0,,,,0.0,,
2025-11-14,1,S1,concurrent,cr_nobatch,96.93370000000002,,95.1055,,117.31205,,139.20466,,8.322774,,8.0655,,9.833449999999988,,13.310219999999997,,500.0,0.0,-4.708867999999981,-4.708867999999981,,,-2.937999999999988,-2.937999999999988,,,-11.039499999999947,-11.039499999999947,,,-4.1660400000000095,-4.1660400000000095,,,0.1012719999999998,0.1012719999999998,,,0.04449999999999932,0.04449999999999932,,,-0.022050000000009007,-0.022050000000009007,,,0.7113799999999983,0.7113799999999983,,
2025-11-14,2,S2,concurrent,cr_nobatch,95.176416,,94.5065,,113.00795,,126.77459999999999,,8.424366,,8.128,,12.13895,,13.33631,,500.0,0.0,-1.7572840000000127,-6.466151999999994,,,-0.5990000000000038,-3.536999999999992,,,-4.304100000000005,-15.343599999999952,,,-12.430059999999997,-16.596100000000007,,,0.10159199999999835,0.20286399999999816,,,0.0625,0.10699999999999932,,,2.305500000000011,2.283450000000002,,,0.026090000000001723,0.7374700000000001,,
2025-11-14,0,S0,independent,ce_batch,13.540912,,12.909,,17.860749999999996,,22.939009999999996,,12.22634,,11.9625,,13.336449999999997,,17.13107999999999,,500.0,0.0,,0.0,,,,0.0,,,,0.0,,,,0.0,,,,0.0,,,,0.0,,,,0.0,,,,0.0,,
2025-11-14,1,S1,independent,ce_batch,18.352019999999996,,17.6925,,23.5531,,26.3328,,12.351664000000001,,12.205,,13.695599999999994,,16.083959999999994,,500.0,0.0,4.8111079999999955,4.8111079999999955,,,4.783499999999998,4.783499999999998,,,5.692350000000005,5.692350000000005,,,3.3937900000000027,3.3937900000000027,,,0.12532400000000088,0.12532400000000088,,,0.24249999999999972,0.24249999999999972,,,0.3591499999999961,0.3591499999999961,,,-1.047119999999996,-1.047119999999996,,
2025-11-14,2,S2,independent,ce_batch,18.61425,,17.776,,24.17775,,26.88091,,12.211115999999999,,12.05,,13.3342,,16.59504,,500.0,0.0,0.2622300000000024,5.073337999999998,,,0.0835000000000008,4.866999999999999,,,0.624649999999999,6.317000000000004,,,0.5481100000000012,3.941900000000004,,,-0.14054800000000256,-0.01522400000000168,,,-0.15499999999999936,0.08750000000000036,,,-0.3613999999999944,-0.002249999999998309,,,0.5110800000000069,-0.5360399999999892,,
2025-11-14,0,S0,independent,ce_nobatch,8.210248,,7.6065000000000005,,12.646649999999998,,16.55382999999998,,6.888336000000001,,6.673,,8.0633,,11.857289999999999,,500.0,0.0,,0.0,,,,0.0,,,,0.0,,,,0.0,,,,0.0,,,,0.0,,,,0.0,,,,0.0,,
2025-11-14,1,S1,independent,ce_nobatch,13.084574,,12.329,,18.091599999999996,,21.7547,,7.098952000000001,,6.904,,8.648899999999992,,12.253169999999997,,500.0,0.0,4.874326,4.874326,,,4.7225,4.7225,,,5.444949999999999,5.444949999999999,,,5.20087000000002,5.20087000000002,,,0.21061599999999991,0.21061599999999991,,,0.23099999999999987,0.23099999999999987,,,0.5855999999999923,0.5855999999999923,,,0.39587999999999823,0.39587999999999823,,
2025-11-14,2,S2,independent,ce_nobatch,13.666086,,12.665,,21.124749999999995,,26.713029999999993,,6.99978,,6.8515,,8.129199999999999,,11.304699999999997,,500.0,0.0,0.581512,5.455838,,,0.3359999999999985,5.058499999999999,,,3.033149999999999,8.478099999999998,,,4.958329999999993,10.159200000000013,,,-0.09917200000000026,0.11144399999999965,,,-0.05250000000000021,0.17849999999999966,,,-0.5196999999999932,0.06589999999999918,,,-0.9484700000000004,-0.5525900000000021,,
2025-11-14,0,S0,independent,cr_batch,95.51121800000001,,100.973,,127.05895000000001,,136.58004,,13.889342000000001,,13.468,,18.158149999999996,,19.696740000000002,,500.0,0.0,,0.0,,,,0.0,,,,0.0,,,,0.0,,,,0.0,,,,0.0,,,,0.0,,,,0.0,,
2025-11-14,1,S1,independent,cr_batch,95.33645000000001,,101.98599999999999,,121.84329999999999,,131.96840999999998,,13.686406000000002,,13.4605,,15.122549999999999,,18.3549,,500.0,0.0,-0.17476800000000026,-0.17476800000000026,,,1.012999999999991,1.012999999999991,,,-5.215650000000025,-5.215650000000025,,,-4.611630000000019,-4.611630000000019,,,-0.20293599999999934,-0.20293599999999934,,,-0.007500000000000284,-0.007500000000000284,,,-3.035599999999997,-3.035599999999997,,,-1.3418400000000013,-1.3418400000000013,,
2025-11-14,2,S2,independent,cr_batch,95.43094,,99.179,,122.9307,,131.50776,,13.699294000000002,,13.473500000000001,,15.356499999999997,,18.84422,,500.0,0.0,0.0944899999999933,-0.08027800000000695,,,-2.806999999999988,-1.793999999999997,,,1.0874000000000166,-4.128250000000008,,,-0.4606499999999869,-5.072280000000006,,,0.012888000000000233,-0.1900479999999991,,,0.013000000000001677,0.005500000000001393,,,0.23394999999999833,-2.8016499999999986,,,0.4893199999999993,-0.8525200000000019,,
2025-11-14,0,S0,independent,cr_nobatch,90.517148,,95.06649999999999,,118.26389999999998,,129.20434,,8.495462,,8.1095,,12.429549999999997,,13.87657,,500.0,0.0,,0.0,,,,0.0,,,,0.0,,,,0.0,,,,0.0,,,,0.0,,,,0.0,,,,0.0,,
2025-11-14,1,S1,independent,cr_nobatch,90.233992,,92.5445,,119.6492,,133.46825,,8.341308,,8.122,,9.992399999999995,,13.153089999999997,,500.0,0.0,-0.2831560000000053,-0.2831560000000053,,,-2.5219999999999914,-2.5219999999999914,,,1.385300000000015,1.385300000000015,,,4.26391000000001,4.26391000000001,,,-0.15415400000000012,-0.15415400000000012,,,0.01249999999999929,0.01249999999999929,,,-2.4371500000000026,-2.4371500000000026,,,-0.7234800000000021,-0.7234800000000021,,
2025-11-14,2,S2,independent,cr_nobatch,91.697584,,94.66499999999999,,118.8628,,132.18423,,8.382956,,8.096499999999999,,11.272649999999985,,13.587609999999998,,500.0,0.0,1.4635920000000056,1.1804360000000003,,,2.1204999999999927,-0.40149999999999864,,,-0.7864000000000004,0.5989000000000146,,,-1.2840199999999982,2.9798900000000117,,,0.04164800000000035,-0.11250599999999977,,,-0.025500000000000966,-0.013000000000001677,,,1.28024999999999,-1.1569000000000127,,,0.4345200000000009,-0.2889600000000012,,
2025-11-15,0,S0,concurrent,ce_batch,13.531158,,12.858,,17.7247,,21.095269999999996,,12.093358,,11.8525,,13.52235,,17.44653,,500.0,0.0,,0.0,,,,0.0,,,,0.0,,,,0.0,,,,0.0,,,,0.0,,,,0.0,,,,0.0,,
2025-11-15,1,S1,concurrent,ce_batch,18.339294000000002,,17.7545,,23.36695,,25.971979999999984,,12.000110000000001,,11.894,,13.238499999999998,,15.55139,,500.0,0.0,4.808136000000003,4.808136000000003,,,4.8965,4.8965,,,5.642250000000001,5.642250000000001,,,4.8767099999999886,4.8767099999999886,,,-0.09324799999999911,-0.09324799999999911,,,0.04150000000000098,0.04150000000000098,,,-0.28385000000000105,-0.28385000000000105,,,-1.8951399999999996,-1.8951399999999996,,
2025-11-15,2,S2,concurrent,ce_batch,17.914227999999998,,17.317500000000003,,22.333199999999998,,24.895149999999997,,11.77232,,11.6975,,12.924499999999998,,14.165229999999998,,500.0,0.0,-0.4250660000000046,4.383069999999998,,,-0.4369999999999976,4.459500000000002,,,-1.0337500000000013,4.608499999999999,,,-1.0768299999999869,3.7998800000000017,,,-0.2277900000000006,-0.3210379999999997,,,-0.19650000000000034,-0.15499999999999936,,,-0.31400000000000006,-0.5978500000000011,,,-1.386160000000002,-3.2813000000000017,,
2025-11-15,3,S3,concurrent,ce_batch,20.277632,,19.0185,,26.39774999999999,,31.966949999999997,,12.42016,,12.0655,,13.759799999999993,,19.31121,,500.0,0.0,2.3634040000000027,6.746474000000001,,,1.700999999999997,6.160499999999999,,,4.0645499999999934,8.673049999999993,,,7.0718,10.871680000000001,,,0.6478399999999986,0.3268019999999989,,,0.3680000000000003,0.21300000000000097,,,0.8352999999999948,0.23744999999999372,,,5.1459800000000016,1.86468,,
2025-11-15,4,S4,concurrent,ce_batch,22.911292,,21.2515,,33.129699999999985,,47.59871999999999,,14.37733,,13.232,,20.511599999999994,,26.448499999999992,,500.0,0.0,2.633659999999999,9.380134,,,2.2330000000000005,8.3935,,,6.731949999999994,15.404999999999987,,,15.631769999999996,26.503449999999997,,,1.9571700000000014,2.2839720000000003,,,1.1664999999999992,1.3795000000000002,,,6.751800000000001,6.989249999999995,,,7.137289999999993,9.001969999999993,,
2025-11-15,0,S0,concurrent,ce_nobatch,8.282752,,7.694,,11.9091,,15.335319999999994,,6.618164,,6.5095,,7.948299999999999,,10.06814,,500.0,0.0,,0.0,,,,0.0,,,,0.0,,,,0.0,,,,0.0,,,,0.0,,,,0.0,,,,0.0,,
2025-11-15,1,S1,concurrent,ce_nobatch,12.998768,,12.32,,18.05504999999999,,20.372319999999977,,6.630864,,6.5225,,7.780999999999998,,8.953149999999994,,500.0,0.0,4.716016,4.716016,,,4.626,4.626,,,6.14594999999999,6.14594999999999,,,5.036999999999983,5.036999999999983,,,0.012699999999999712,0.012699999999999712,,,0.0129999999999999,0.0129999999999999,,,-0.1673000000000009,-0.1673000000000009,,,-1.114990000000006,-1.114990000000006,,
2025-11-15,2,S2,concurrent,ce_nobatch,12.517836,,11.972000000000001,,16.88724999999999,,20.28032,,6.421216,,6.388999999999999,,7.4974,,7.940539999999999,,500.0,0.0,-0.48093199999999925,4.2350840000000005,,,-0.347999999999999,4.278000000000001,,,-1.1677999999999997,4.9781499999999905,,,-0.09199999999997743,4.945000000000006,,,-0.2096479999999996,-0.1969479999999999,,,-0.13350000000000062,-0.12050000000000072,,,-0.2835999999999981,-0.45089999999999897,,,-1.0126099999999951,-2.127600000000001,,
2025-11-15,3,S3,concurrent,ce_nobatch,16.706866,,14.84,,25.28919999999999,,28.81216,,6.780674,,6.6185,,8.118599999999999,,9.998269999999994,,500.0,0.0,4.189030000000001,8.424114000000001,,,2.8679999999999986,7.146,,,8.40195,13.38009999999999,,,8.531839999999999,13.476840000000005,,,0.35945800000000006,0.16251000000000015,,,0.2295000000000007,0.10899999999999999,,,0.6211999999999991,0.17030000000000012,,,2.057729999999996,-0.0698700000000052,,
2025-11-15,4,S4,concurrent,ce_nobatch,16.765962,,15.286999999999999,,26.588499999999993,,32.89978999999998,,8.331372,,7.483,,13.261599999999996,,18.51227999999999,,500.0,0.0,0.05909599999999671,8.483209999999998,,,0.4469999999999992,7.592999999999999,,,1.2993000000000023,14.679399999999992,,,4.087629999999983,17.564469999999986,,,1.5506979999999997,1.7132079999999998,,,0.8644999999999996,0.9734999999999996,,,5.142999999999997,5.313299999999997,,,8.514009999999995,8.44413999999999,,
2025-11-15,0,S0,concurrent,cr_batch,114.826674,,112.62100000000001,,143.78474999999997,,158.65509999999998,,13.237362000000001,,12.8875,,15.1245,,20.47084,,500.0,0.0,,0.0,,,,0.0,,,,0.0,,,,0.0,,,,0.0,,,,0.0,,,,0.0,,,,0.0,,
2025-11-15,1,S1,concurrent,cr_batch,104.748312,,103.353,,127.0161,,148.2567,,13.286273999999999,,12.937999999999999,,14.6641,,21.96569,,500.0,0.0,-10.078361999999998,-10.078361999999998,,,-9.268000000000015,-9.268000000000015,,,-16.76864999999998,-16.76864999999998,,,-10.398399999999981,-10.398399999999981,,,0.048911999999997846,0.048911999999997846,,,0.050499999999999545,0.050499999999999545,,,-0.4603999999999999,-0.4603999999999999,,,1.4948499999999996,1.4948499999999996,,
2025-11-15,2,S2,concurrent,cr_batch,103.046948,,101.8255,,124.60579999999999,,143.76662,,12.988541999999999,,12.7295,,14.190749999999998,,20.222949999999997,,500.0,0.0,-1.701363999999998,-11.779725999999997,,,-1.5274999999999892,-10.795500000000004,,,-2.4103000000000065,-19.178949999999986,,,-4.490080000000006,-14.888479999999987,,,-0.2977319999999999,-0.24882000000000204,,,-0.20849999999999902,-0.15799999999999947,,,-0.4733500000000017,-0.9337500000000016,,,-1.7427400000000013,-0.24789000000000172,,
2025-11-15,3,S3,concurrent,cr_batch,107.374044,,105.75999999999999,,133.5695,,157.92981999999998,,13.00084,,12.713000000000001,,14.179599999999999,,20.260499999999986,,500.0,0.0,4.327095999999997,-7.452629999999999,,,3.9344999999999857,-6.861000000000018,,,8.963700000000017,-10.215249999999969,,,14.16319999999999,-0.7252799999999979,,,0.012298000000001252,-0.2365220000000008,,,-0.01649999999999885,-0.17449999999999832,,,-0.011149999999998883,-0.9449000000000005,,,0.03754999999998887,-0.21034000000001285,,
2025-11-15,4,S4,concurrent,cr_batch,111.368878,,109.4235,,135.3981,,152.50231999999997,,12.862881999999999,,12.64,,13.972899999999996,,16.835049999999995,,500.0,0.0,3.9948339999999973,-3.457796000000002,,,3.6635000000000133,-3.197500000000005,,,1.8285999999999945,-8.386649999999975,,,-5.427500000000009,-6.152780000000007,,,-0.13795800000000114,-0.3744800000000019,,,-0.0730000000000004,-0.24749999999999872,,,-0.20670000000000321,-1.1516000000000037,,,-3.425449999999991,-3.6357900000000036,,
2025-11-15,0,S0,concurrent,cr_nobatch,110.37026800000001,,107.90950000000001,,144.60964999999996,,159.76428,,7.6087299999999995,,7.4455,,8.5747,,13.758889999999997,,500.0,0.0,,0.0,,,,0.0,,,,0.0,,,,0.0,,,,0.0,,,,0.0,,,,0.0,,,,0.0,,
2025-11-15,1,S1,concurrent,cr_nobatch,99.75425800000001,,97.792,,122.1657,,144.85477,,7.729154,,7.4985,,8.746999999999996,,15.059739999999996,,500.0,0.0,-10.616010000000003,-10.616010000000003,,,-10.117500000000007,-10.117500000000007,,,-22.44394999999996,-22.44394999999996,,,-14.909510000000012,-14.909510000000012,,,0.12042400000000075,0.12042400000000075,,,0.052999999999999936,0.052999999999999936,,,0.17229999999999634,0.17229999999999634,,,1.3008499999999987,1.3008499999999987,,
2025-11-15,2,S2,concurrent,cr_nobatch,98.497416,,95.69900000000001,,124.53719999999991,,151.68544999999997,,7.488196,,7.3365,,8.330799999999998,,13.944259999999995,,500.0,0.0,-1.256842000000006,-11.872852000000009,,,-2.0929999999999893,-12.210499999999996,,,2.3714999999999122,-20.072450000000046,,,6.8306799999999726,-8.078830000000039,,,-0.240958,-0.12053399999999925,,,-0.16199999999999992,-0.10899999999999999,,,-0.4161999999999981,-0.24390000000000178,,,-1.1154800000000016,0.18536999999999715,,
2025-11-15,3,S3,concurrent,cr_nobatch,103.06516,,101.049,,127.83514999999998,,150.23686,,7.564304,,7.3405000000000005,,8.7881,,12.127249999999993,,500.0,0.0,4.567744000000005,-7.305108000000004,,,5.349999999999994,-6.860500000000002,,,3.297950000000071,-16.774499999999975,,,-1.4485899999999674,-9.527420000000006,,,0.07610799999999962,-0.04442599999999963,,,0.004000000000000448,-0.10499999999999954,,,0.4573000000000018,0.21340000000000003,,,-1.8170100000000016,-1.6316400000000044,,
2025-11-15,4,S4,concurrent,cr_nobatch,105.50829399999999,,103.9245,,134.50025,,149.91357000000002,,7.329542,,7.1875,,8.190399999999999,,10.292529999999985,,500.0,0.0,2.4431339999999864,-4.861974000000018,,,2.875499999999988,-3.9850000000000136,,,6.66510000000001,-10.109399999999965,,,-0.32328999999998587,-9.850709999999992,,,-0.23476199999999992,-0.27918799999999955,,,-0.15300000000000047,-0.258,,,-0.5977000000000015,-0.3843000000000014,,,-1.834720000000008,-3.4663600000000123,,
2025-11-15,0,S0,independent,ce_batch,13.335,,12.751999999999999,,17.187399999999986,,22.109360000000002,,11.85408,,11.690000000000001,,13.019499999999997,,14.624619999999988,,500.0,0.0,,0.0,,,,0.0,,,,0.0,,,,0.0,,,,0.0,,,,0.0,,,,0.0,,,,0.0,,
2025-11-15,1,S1,independent,ce_batch,17.535686000000002,,17.1355,,21.27735,,23.70068,,11.67933,,11.6225,,12.70155,,13.605459999999997,,500.0,0.0,4.200686000000001,4.200686000000001,,,4.3835000000000015,4.3835000000000015,,,4.089950000000012,4.089950000000012,,,1.591319999999996,1.591319999999996,,,-0.17474999999999952,-0.17474999999999952,,,-0.06750000000000078,-0.06750000000000078,,,-0.31794999999999796,-0.31794999999999796,,,-1.0191599999999905,-1.0191599999999905,,
2025-11-15,2,S2,independent,ce_batch,17.676012,,17.151,,21.34835,,26.11114,,11.74202,,11.6235,,12.881549999999999,,13.629639999999998,,500.0,0.0,0.14032599999999817,4.341011999999999,,,0.015499999999999403,4.399000000000001,,,0.0710000000000015,4.160950000000014,,,2.4104600000000005,4.001779999999997,,,0.06268999999999991,-0.1120599999999996,,,0.0009999999999994458,-0.06650000000000134,,,0.17999999999999972,-0.13794999999999824,,,0.0241800000000012,-0.9949799999999893,,
2025-11-15,3,S3,independent,ce_batch,18.370494,,17.6625,,23.41725,,27.206289999999992,,11.865642,,11.701,,12.99095,,14.103449999999999,,500.0,0.0,0.6944820000000007,5.035494,,,0.5115000000000016,4.9105000000000025,,,2.0688999999999993,6.229850000000013,,,1.0951499999999932,5.09692999999999,,,0.12362199999999923,0.011561999999999628,,,0.07750000000000057,0.010999999999999233,,,0.10940000000000083,-0.02854999999999741,,,0.4738100000000003,-0.521169999999989,,
2025-11-15,4,S4,independent,ce_batch,22.523708,,20.439500000000002,,32.351949999999995,,42.55118999999999,,14.443389999999999,,13.280000000000001,,20.93884999999999,,25.91986999999999,,500.0,0.0,4.153213999999998,9.188707999999998,,,2.777000000000001,7.6875000000000036,,,8.934699999999996,15.164550000000009,,,15.344899999999999,20.44182999999999,,,2.5777479999999997,2.5893099999999993,,,1.5790000000000006,1.5899999999999999,,,7.947899999999992,7.919349999999994,,,11.81641999999999,11.295250000000001,,
2025-11-15,0,S0,independent,ce_nobatch,8.097866,,7.492,,12.104249999999995,,14.753699999999993,,6.568634,,6.4625,,7.629049999999999,,8.44138,,500.0,0.0,,0.0,,,,0.0,,,,0.0,,,,0.0,,,,0.0,,,,0.0,,,,0.0,,,,0.0,,
2025-11-15,1,S1,independent,ce_nobatch,12.316253999999999,,11.907,,15.8653,,19.371209999999998,,6.470324,,6.4125,,7.391149999999996,,8.029069999999999,,500.0,0.0,4.218387999999999,4.218387999999999,,,4.415,4.415,,,3.7610500000000044,3.7610500000000044,,,4.617510000000005,4.617510000000005,,,-0.09831000000000056,-0.09831000000000056,,,-0.05000000000000071,-0.05000000000000071,,,-0.23790000000000333,-0.23790000000000333,,,-0.4123100000000015,-0.4123100000000015,,
2025-11-15,2,S2,independent,ce_nobatch,12.339448,,11.809,,16.695199999999996,,19.19352,,6.494868,,6.3795,,7.637449999999999,,8.485719999999995,,500.0,0.0,0.023194000000001935,4.241582000000001,,,-0.09800000000000075,4.316999999999999,,,0.8298999999999968,4.590950000000001,,,-0.17768999999999835,4.439820000000006,,,0.024544000000000565,-0.073766,,,-0.032999999999999474,-0.08300000000000018,,,0.2463000000000033,0.008399999999999963,,,0.4566499999999962,0.04433999999999472,,
2025-11-15,3,S3,independent,ce_nobatch,13.496114000000002,,12.597000000000001,,19.54744999999999,,24.16145,,6.568982,,6.455500000000001,,7.680299999999999,,8.93301,,500.0,0.0,1.1566660000000013,5.398248000000002,,,0.788000000000002,5.105000000000001,,,2.8522499999999944,7.443199999999996,,,4.967929999999999,9.407750000000005,,,0.07411399999999979,0.0003479999999997929,,,0.07600000000000051,-0.006999999999999673,,,0.04284999999999961,0.051249999999999574,,,0.4472900000000042,0.4916299999999989,,
2025-11-15,4,S4,independent,ce_nobatch,16.141744,,14.381,,26.092899999999997,,34.58577,,8.09308,,7.239000000000001,,13.528299999999994,,17.91944,,500.0,0.0,2.645629999999997,8.043878,,,1.783999999999999,6.889,,,6.545450000000006,13.988650000000002,,,10.424319999999998,19.83207,,,1.5240980000000004,1.5244460000000002,,,0.7835000000000001,0.7765000000000004,,,5.847999999999995,5.899249999999995,,,8.986430000000002,9.478060000000001,,
2025-11-15,0,S0,independent,cr_batch,99.914338,,105.721,,132.98205,,144.15609999999998,,13.025887999999998,,12.895,,14.126949999999999,,15.316359999999992,,500.0,0.0,,0.0,,,,0.0,,,,0.0,,,,0.0,,,,0.0,,,,0.0,,,,0.0,,,,0.0,,
2025-11-15,1,S1,independent,cr_batch,97.297248,,101.234,,129.97975,,140.36102,,12.920005999999999,,12.843,,13.889449999999998,,14.438469999999995,,500.0,0.0,-2.6170900000000046,-2.6170900000000046,,,-4.487000000000009,-4.487000000000009,,,-3.002299999999991,-3.002299999999991,,,-3.7950799999999845,-3.7950799999999845,,,-0.10588199999999937,-0.10588199999999937,,,-0.0519999999999996,-0.0519999999999996,,,-0.2375000000000007,-0.2375000000000007,,,-0.8778899999999972,-0.8778899999999972,,
2025-11-15,2,S2,independent,cr_batch,97.019436,,102.163,,126.6494,,139.82528,,12.820552,,12.6345,,13.75165,,18.17923999999998,,500.0,0.0,-0.2778119999999973,-2.894902000000002,,,0.929000000000002,-3.558000000000007,,,-3.3303499999999957,-6.332649999999987,,,-0.5357400000000041,-4.330819999999989,,,-0.09945399999999971,-0.20533599999999907,,,-0.2085000000000008,-0.2605000000000004,,,-0.1377999999999986,-0.3752999999999993,,,3.7407699999999835,2.8628799999999863,,
2025-11-15,3,S3,independent,cr_batch,100.28353,,104.76750000000001,,135.43044999999998,,152.0314,,12.959956,,12.780999999999999,,14.088449999999998,,16.99363999999997,,500.0,0.0,3.264094,0.3691919999999982,,,2.604500000000016,-0.9534999999999911,,,8.78104999999998,2.4483999999999924,,,12.206119999999999,7.87530000000001,,,0.13940400000000075,-0.06593199999999833,,,0.14649999999999963,-0.11400000000000077,,,0.33679999999999843,-0.03850000000000087,,,-1.185600000000008,1.6772799999999783,,
2025-11-15,4,S4,independent,cr_batch,101.967506,,106.86,,135.0453,,143.01937999999998,,12.953986,,12.661999999999999,,14.16695,,20.594579999999997,,500.0,0.0,1.6839760000000012,2.0531679999999994,,,2.092499999999987,1.1389999999999958,,,-0.3851499999999817,2.0632500000000107,,,-9.012020000000007,-1.1367199999999968,,,-0.005969999999999587,-0.07190199999999791,,,-0.11899999999999977,-0.23300000000000054,,,0.07850000000000179,0.040000000000000924,,,3.6009400000000262,5.278220000000005,,
2025-11-15,0,S0,independent,cr_nobatch,94.98249,,100.06,,129.08625,,139.43944,,7.7185619999999995,,7.4615,,8.73925,,14.949099999999996,,500.0,0.0,,0.0,,,,0.0,,,,0.0,,,,0.0,,,,0.0,,,,0.0,,,,0.0,,,,0.0,,
2025-11-15,1,S1,independent,cr_nobatch,92.195922,,96.2465,,121.77085,,133.44635,,7.7306919999999995,,7.484,,8.68015,,15.616279999999993,,500.0,0.0,-2.7865680000000026,-2.7865680000000026,,,-3.8135000000000048,-3.8135000000000048,,,-7.315400000000011,-7.315400000000011,,,-5.993089999999995,-5.993089999999995,,,0.012129999999999974,0.012129999999999974,,,0.022499999999999964,0.022499999999999964,,,-0.05910000000000082,-0.05910000000000082,,,0.6671799999999966,0.6671799999999966,,
2025-11-15,2,S2,independent,cr_nobatch,91.644708,,96.3845,,122.02044999999997,,138.04573,,7.403122,,7.2705,,8.29105,,10.432549999999997,,500.0,0.0,-0.5512140000000016,-3.3377820000000042,,,0.13800000000000523,-3.6754999999999995,,,0.2495999999999725,-7.0658000000000385,,,4.5993799999999965,-1.3937099999999987,,,-0.3275699999999997,-0.3154399999999997,,,-0.2134999999999998,-0.19099999999999984,,,-0.3890999999999991,-0.44819999999999993,,,-5.183729999999995,-4.516549999999999,,
2025-11-15,3,S3,independent,cr_nobatch,95.78206599999999,,98.9545,,130.50719999999998,,146.2745,,7.593682,,7.4025,,8.6025,,14.408929999999996,,500.0,0.0,4.137357999999992,0.7995759999999876,,,2.569999999999993,-1.1055000000000064,,,8.486750000000015,1.4209499999999764,,,8.228769999999997,6.835059999999999,,,0.1905600000000005,-0.12487999999999921,,,0.13199999999999967,-0.05900000000000016,,,0.3114499999999989,-0.13675000000000104,,,3.976379999999999,-0.5401699999999998,,
2025-11-15,4,S4,independent,cr_nobatch,96.915378,,102.43350000000001,,130.2496,,141.31423999999998,,7.229443999999999,,7.156499999999999,,8.0892,,8.50767,,500.0,0.0,1.1333120000000179,1.9328880000000055,,,3.4790000000000134,2.373500000000007,,,-0.2575999999999965,1.16334999999998,,,-4.960260000000005,1.8747999999999934,,,-0.36423800000000117,-0.4891180000000004,,,-0.24600000000000044,-0.3050000000000006,,,-0.5132999999999992,-0.6500500000000002,,,-5.901259999999997,-6.441429999999997,,
