csv_path,stage_label,stage_num,mode,workload,run_folder,run_id,run_started_at,file_started_at,run_date,total_samples,successful_samples,error_rate,ts_first,ts_last,client_count,client_mean,client_p50,client_p95,client_p99,client_min,client_max,server_count,server_mean,server_p50,server_p95,server_p99,server_min,server_max
/Users/susannahufnagl/Desktop/UNI_Bachelor/TU Berlin/lebach/ba/Testresults/S0_concurrent/2025-11-06_17-19-50_run-6136/latencies_ce_batch_2025-11-06_17-19-50.csv,S0,0,concurrent,ce_batch,2025-11-06_17-19-50_run-6136,6136,2025-11-06T17:19:50,2025-11-06T17:19:50,2025-11-06,500,500,0.0,2025-11-06T17:19:53+00:00,2025-11-06T17:25:43+00:00,500.0,14.100468,13.563,17.913149999999998,21.836219999999994,10.633,26.713,500.0,12.211052,12.039,13.984549999999999,15.75938,9.799,17.053
/Users/susannahufnagl/Desktop/UNI_Bachelor/TU Berlin/lebach/ba/Testresults/S0_concurrent/2025-11-06_17-19-50_run-6136/latencies_ce_nobatch_2025-11-06_17-19-50.csv,S0,0,concurrent,ce_nobatch,2025-11-06_17-19-50_run-6136,6136,2025-11-06T17:19:50,2025-11-06T17:19:50,2025-11-06,500,500,0.0,2025-11-06T17:19:53+00:00,2025-11-06T17:25:43+00:00,500.0,9.240072,8.586500000000001,13.479299999999995,15.699319999999997,5.492,20.672,500.0,6.753997999999999,6.593999999999999,8.305949999999996,10.099139999999991,4.084,12.501
/Users/susannahufnagl/Desktop/UNI_Bachelor/TU Berlin/lebach/ba/Testresults/S0_concurrent/2025-11-06_17-19-50_run-6136/latencies_cr_batch_2025-11-06_17-19-50.csv,S0,0,concurrent,cr_batch,2025-11-06_17-19-50_run-6136,6136,2025-11-06T17:19:50,2025-11-06T17:19:50,2025-11-06,500,500,0.0,2025-11-06T17:19:53+00:00,2025-11-06T17:25:43+00:00,500.0,219.00079399999998,218.1505,262.86949999999996,282.58693999999997,122.442,291.059,500.0,12.820142,12.517,13.864399999999996,21.50971,11.352,22.7
/Users/susannahufnagl/Desktop/UNI_Bachelor/TU Berlin/lebach/ba/Testresults/S0_concurrent/2025-11-06_17-19-50_run-6136/latencies_cr_nobatch_2025-11-06_17-19-50.csv,S0,0,concurrent,cr_nobatch,2025-11-06_17-19-50_run-6136,6136,2025-11-06T17:19:50,2025-11-06T17:19:50,2025-11-06,500,500,0.0,2025-11-06T17:19:53+00:00,2025-11-06T17:25:43+00:00,500.0,214.775506,213.5985,266.71425,294.89089,116.288,301.498,500.0,7.4164639999999995,7.1235,8.465349999999999,16.40011999999999,6.205,19.605
/Users/susannahufnagl/Desktop/UNI_Bachelor/TU Berlin/lebach/ba/Testresults/S0_independent/2025-11-06_17-25-44_run-8284/latencies_ce_batch_2025-11-06_17-25-44.csv,S0,0,independent,ce_batch,2025-11-06_17-25-44_run-8284,8284,2025-11-06T17:25:44,2025-11-06T17:25:44,2025-11-06,500,500,0.0,2025-11-06T17:25:46+00:00,2025-11-06T17:29:02+00:00,500.0,13.830312000000001,13.3335,17.806099999999997,20.482489999999995,10.456,26.912,500.0,12.003884,11.7665,13.616949999999997,17.145,9.613,20.104
/Users/susannahufnagl/Desktop/UNI_Bachelor/TU Berlin/lebach/ba/Testresults/S0_independent/2025-11-06_17-25-44_run-8284/latencies_ce_nobatch_2025-11-06_17-25-44.csv,S0,0,independent,ce_nobatch,2025-11-06_17-25-44_run-8284,8284,2025-11-06T17:25:44,2025-11-06T17:25:44,2025-11-06,500,500,0.0,2025-11-06T17:25:46+00:00,2025-11-06T17:28:59+00:00,500.0,8.501896,7.933999999999999,12.400049999999998,15.45014,5.472,18.244,500.0,6.652556,6.4585,7.737649999999999,11.168479999999999,4.713,14.884
/Users/susannahufnagl/Desktop/UNI_Bachelor/TU Berlin/lebach/ba/Testresults/S0_independent/2025-11-06_17-25-44_run-8284/latencies_cr_batch_2025-11-06_17-25-44.csv,S0,0,independent,cr_batch,2025-11-06_17-25-44_run-8284,8284,2025-11-06T17:25:44,2025-11-06T17:25:44,2025-11-06,500,500,0.0,2025-11-06T17:25:46+00:00,2025-11-06T17:29:54+00:00,500.0,182.514594,201.904,251.53899999999996,264.21410000000003,72.871,300.78,500.0,12.605922,12.473500000000001,13.554699999999997,15.112329999999993,11.484,21.262
/Users/susannahufnagl/Desktop/UNI_Bachelor/TU Berlin/lebach/ba/Testresults/S0_independent/2025-11-06_17-25-44_run-8284/latencies_cr_nobatch_2025-11-06_17-25-44.csv,S0,0,independent,cr_nobatch,2025-11-06_17-25-44_run-8284,8284,2025-11-06T17:25:44,2025-11-06T17:25:44,2025-11-06,500,500,0.0,2025-11-06T17:25:46+00:00,2025-11-06T17:29:53+00:00,500.0,179.70138400000002,201.754,247.66324999999998,268.09943999999996,87.995,286.362,500.0,7.3431999999999995,7.1695,8.235399999999998,12.119469999999998,6.124,17.239
/Users/susannahufnagl/Desktop/UNI_Bachelor/TU Berlin/lebach/ba/Testresults/S1_concurrent/2025-11-06_17-40-13_run-3618/latencies_ce_batch_2025-11-06_17-40-13.csv,S1,1,concurrent,ce_batch,2025-11-06_17-40-13_run-3618,3618,2025-11-06T17:40:13,2025-11-06T17:40:13,2025-11-06,500,500,0.0,2025-11-06T17:40:16+00:00,2025-11-06T17:46:05+00:00,500.0,18.629008,17.816499999999998,24.17635,28.52283,14.623,32.786,500.0,12.123400000000002,11.84,14.349649999999997,18.28307,8.968,23.236
/Users/susannahufnagl/Desktop/UNI_Bachelor/TU Berlin/lebach/ba/Testresults/S1_concurrent/2025-11-06_17-40-13_run-3618/latencies_ce_nobatch_2025-11-06_17-40-13.csv,S1,1,concurrent,ce_nobatch,2025-11-06_17-40-13_run-3618,3618,2025-11-06T17:40:13,2025-11-06T17:40:13,2025-11-06,500,500,0.0,2025-11-06T17:40:16+00:00,2025-11-06T17:46:05+00:00,500.0,13.23326,12.507,18.37765,22.776589999999995,8.892,26.341,500.0,6.5168859999999995,6.274,8.041649999999997,11.079179999999997,3.737,16.8
/Users/susannahufnagl/Desktop/UNI_Bachelor/TU Berlin/lebach/ba/Testresults/S1_concurrent/2025-11-06_17-40-13_run-3618/latencies_cr_batch_2025-11-06_17-40-13.csv,S1,1,concurrent,cr_batch,2025-11-06_17-40-13_run-3618,3618,2025-11-06T17:40:13,2025-11-06T17:40:13,2025-11-06,500,500,0.0,2025-11-06T17:40:16+00:00,2025-11-06T17:46:05+00:00,500.0,212.19178599999998,209.88850000000002,255.4009,274.69267999999994,138.989,289.669,500.0,12.715326000000001,12.4445,13.79305,21.29724,11.347,22.301
/Users/susannahufnagl/Desktop/UNI_Bachelor/TU Berlin/lebach/ba/Testresults/S1_concurrent/2025-11-06_17-40-13_run-3618/latencies_cr_nobatch_2025-11-06_17-40-13.csv,S1,1,concurrent,cr_nobatch,2025-11-06_17-40-13_run-3618,3618,2025-11-06T17:40:13,2025-11-06T17:40:13,2025-11-06,500,500,0.0,2025-11-06T17:40:16+00:00,2025-11-06T17:46:05+00:00,500.0,204.58395000000002,204.752,253.9838499999999,270.30354,126.852,286.78,500.0,7.423246,7.1605,8.404649999999998,15.73305,6.306,16.597
/Users/susannahufnagl/Desktop/UNI_Bachelor/TU Berlin/lebach/ba/Testresults/S1_independent/2025-11-06_17-46-06_run-7433/latencies_ce_batch_2025-11-06_17-46-06.csv,S1,1,independent,ce_batch,2025-11-06_17-46-06_run-7433,7433,2025-11-06T17:46:06,2025-11-06T17:46:06,2025-11-06,500,500,0.0,2025-11-06T17:46:08+00:00,2025-11-06T17:49:25+00:00,500.0,18.217646,17.466,22.594299999999997,28.182299999999994,14.726,67.467,500.0,11.884704,11.589500000000001,13.662949999999997,16.42619999999999,9.944,30.238
/Users/susannahufnagl/Desktop/UNI_Bachelor/TU Berlin/lebach/ba/Testresults/S1_independent/2025-11-06_17-46-06_run-7433/latencies_ce_nobatch_2025-11-06_17-46-06.csv,S1,1,independent,ce_nobatch,2025-11-06_17-46-06_run-7433,7433,2025-11-06T17:46:06,2025-11-06T17:46:06,2025-11-06,500,500,0.0,2025-11-06T17:46:08+00:00,2025-11-06T17:49:22+00:00,500.0,12.884701999999999,12.192,18.077749999999998,24.955759999999998,8.68,27.836,500.0,6.566714,6.3195,7.988749999999987,11.994219999999993,3.939,22.416
/Users/susannahufnagl/Desktop/UNI_Bachelor/TU Berlin/lebach/ba/Testresults/S1_independent/2025-11-06_17-46-06_run-7433/latencies_cr_batch_2025-11-06_17-46-06.csv,S1,1,independent,cr_batch,2025-11-06_17-46-06_run-7433,7433,2025-11-06T17:46:06,2025-11-06T17:46:06,2025-11-06,500,500,0.0,2025-11-06T17:46:08+00:00,2025-11-06T17:50:15+00:00,500.0,181.6517,196.68599999999998,253.60054999999994,279.48033999999996,73.958,306.084,500.0,12.74084,12.477,14.15104999999999,19.58111,10.762,22.703
/Users/susannahufnagl/Desktop/UNI_Bachelor/TU Berlin/lebach/ba/Testresults/S1_independent/2025-11-06_17-46-06_run-7433/latencies_cr_nobatch_2025-11-06_17-46-06.csv,S1,1,independent,cr_nobatch,2025-11-06_17-46-06_run-7433,7433,2025-11-06T17:46:06,2025-11-06T17:46:06,2025-11-06,500,500,0.0,2025-11-06T17:46:08+00:00,2025-11-06T17:50:13+00:00,500.0,177.051792,194.7555,241.83104999999998,271.85374999999993,87.077,337.704,500.0,7.450996,7.157,8.447399999999998,15.318829999999997,6.26,19.638
/Users/susannahufnagl/Desktop/UNI_Bachelor/TU Berlin/lebach/ba/Testresults/S1_concurrent/2025-11-07_09-54-18_run-5045/latencies_ce_batch_2025-11-07_09-54-18.csv,S1,1,concurrent,ce_batch,2025-11-07_09-54-18_run-5045,5045,2025-11-07T09:54:18,2025-11-07T09:54:18,2025-11-07,500,500,0.0,2025-11-07T09:54:21+00:00,2025-11-07T10:00:11+00:00,500.0,18.948784,18.195999999999998,24.40905,28.15484,14.887,29.982,500.0,12.437766,12.066,15.00134999999999,18.495499999999996,9.438,24.368
/Users/susannahufnagl/Desktop/UNI_Bachelor/TU Berlin/lebach/ba/Testresults/S1_concurrent/2025-11-07_09-54-18_run-5045/latencies_ce_nobatch_2025-11-07_09-54-18.csv,S1,1,concurrent,ce_nobatch,2025-11-07_09-54-18_run-5045,5045,2025-11-07T09:54:18,2025-11-07T09:54:18,2025-11-07,500,500,0.0,2025-11-07T09:54:21+00:00,2025-11-07T10:00:11+00:00,500.0,13.490011999999998,12.68,18.959499999999995,22.842959999999994,9.7,29.682,500.0,6.868755999999999,6.652,8.274899999999997,12.165409999999984,4.706,16.37
/Users/susannahufnagl/Desktop/UNI_Bachelor/TU Berlin/lebach/ba/Testresults/S1_concurrent/2025-11-07_09-54-18_run-5045/latencies_cr_batch_2025-11-07_09-54-18.csv,S1,1,concurrent,cr_batch,2025-11-07_09-54-18_run-5045,5045,2025-11-07T09:54:18,2025-11-07T09:54:18,2025-11-07,500,500,0.0,2025-11-07T09:54:21+00:00,2025-11-07T10:00:11+00:00,500.0,212.56914400000002,211.4755,258.59225,267.21608,122.362,326.173,500.0,12.456779999999998,12.280999999999999,13.2625,20.81641,11.132,23.817
/Users/susannahufnagl/Desktop/UNI_Bachelor/TU Berlin/lebach/ba/Testresults/S1_concurrent/2025-11-07_09-54-18_run-5045/latencies_cr_nobatch_2025-11-07_09-54-18.csv,S1,1,concurrent,cr_nobatch,2025-11-07_09-54-18_run-5045,5045,2025-11-07T09:54:18,2025-11-07T09:54:18,2025-11-07,500,500,0.0,2025-11-07T09:54:21+00:00,2025-11-07T10:00:11+00:00,500.0,207.263936,206.3455,250.01334999999997,270.01495,130.863,299.719,500.0,7.194016,6.922499999999999,8.131549999999999,16.008809999999997,5.775,29.609
/Users/susannahufnagl/Desktop/UNI_Bachelor/TU Berlin/lebach/ba/Testresults/S1_independent/2025-11-07_10-00-12_run-9216/latencies_ce_batch_2025-11-07_10-00-12.csv,S1,1,independent,ce_batch,2025-11-07_10-00-12_run-9216,9216,2025-11-07T10:00:12,2025-11-07T10:00:12,2025-11-07,500,500,0.0,2025-11-07T10:00:14+00:00,2025-11-07T10:03:31+00:00,500.0,18.765309999999996,18.192,22.456799999999987,29.006479999999993,15.396,32.791,500.0,12.43858,12.153500000000001,13.864249999999993,18.007329999999993,10.854,24.075
/Users/susannahufnagl/Desktop/UNI_Bachelor/TU Berlin/lebach/ba/Testresults/S1_independent/2025-11-07_10-00-12_run-9216/latencies_ce_nobatch_2025-11-07_10-00-12.csv,S1,1,independent,ce_nobatch,2025-11-07_10-00-12_run-9216,9216,2025-11-07T10:00:12,2025-11-07T10:00:12,2025-11-07,500,500,0.0,2025-11-07T10:00:14+00:00,2025-11-07T10:03:29+00:00,500.0,13.336727999999999,12.628,18.048099999999998,23.795919999999995,10.063,30.77,500.0,7.014558000000001,6.7940000000000005,8.239449999999998,11.15863999999999,4.827,22.065
/Users/susannahufnagl/Desktop/UNI_Bachelor/TU Berlin/lebach/ba/Testresults/S1_independent/2025-11-07_10-00-12_run-9216/latencies_cr_batch_2025-11-07_10-00-12.csv,S1,1,independent,cr_batch,2025-11-07_10-00-12_run-9216,9216,2025-11-07T10:00:12,2025-11-07T10:00:12,2025-11-07,500,500,0.0,2025-11-07T10:00:14+00:00,2025-11-07T10:04:21+00:00,500.0,182.154356,197.4915,251.18199999999996,278.83358,72.374,316.787,500.0,12.443653999999999,12.2965,13.490699999999999,16.460569999999993,11.219,20.883
/Users/susannahufnagl/Desktop/UNI_Bachelor/TU Berlin/lebach/ba/Testresults/S1_independent/2025-11-07_10-00-12_run-9216/latencies_cr_nobatch_2025-11-07_10-00-12.csv,S1,1,independent,cr_nobatch,2025-11-07_10-00-12_run-9216,9216,2025-11-07T10:00:12,2025-11-07T10:00:12,2025-11-07,500,500,0.0,2025-11-07T10:00:14+00:00,2025-11-07T10:04:20+00:00,500.0,177.55243200000004,196.3125,247.11275,263.3237499999999,87.106,291.37,500.0,7.146540000000001,7.05,8.166099999999998,9.98782999999999,6.03,17.225
/Users/susannahufnagl/Desktop/UNI_Bachelor/TU Berlin/lebach/ba/Testresults/S2_concurrent/2025-11-07_10-34-56_run-8168/latencies_ce_batch_2025-11-07_10-34-56.csv,S2,2,concurrent,ce_batch,2025-11-07_10-34-56_run-8168,8168,2025-11-07T10:34:56,2025-11-07T10:34:56,2025-11-07,500,500,0.0,2025-11-07T10:34:58+00:00,2025-11-07T10:40:49+00:00,500.0,18.791379999999997,18.029,23.856349999999996,29.045659999999998,14.745,35.379,500.0,12.280617999999999,12.1095,13.37495,16.081569999999985,9.732,30.472
/Users/susannahufnagl/Desktop/UNI_Bachelor/TU Berlin/lebach/ba/Testresults/S2_concurrent/2025-11-07_10-34-56_run-8168/latencies_ce_nobatch_2025-11-07_10-34-56.csv,S2,2,concurrent,ce_nobatch,2025-11-07_10-34-56_run-8168,8168,2025-11-07T10:34:56,2025-11-07T10:34:56,2025-11-07,500,500,0.0,2025-11-07T10:34:58+00:00,2025-11-07T10:40:49+00:00,500.0,13.414130000000002,12.702,17.692899999999995,23.519149999999996,9.564,30.624,500.0,6.819896000000001,6.667,7.810749999999999,10.397349999999994,4.601,24.072
/Users/susannahufnagl/Desktop/UNI_Bachelor/TU Berlin/lebach/ba/Testresults/S2_concurrent/2025-11-07_10-34-56_run-8168/latencies_cr_batch_2025-11-07_10-34-56.csv,S2,2,concurrent,cr_batch,2025-11-07_10-34-56_run-8168,8168,2025-11-07T10:34:56,2025-11-07T10:34:56,2025-11-07,500,500,0.0,2025-11-07T10:34:58+00:00,2025-11-07T10:40:49+00:00,500.0,215.777844,214.457,258.4971,276.30415,140.406,317.971,500.0,12.53242,12.304,13.645199999999999,20.674839999999996,11.35,29.919
/Users/susannahufnagl/Desktop/UNI_Bachelor/TU Berlin/lebach/ba/Testresults/S2_concurrent/2025-11-07_10-34-56_run-8168/latencies_cr_nobatch_2025-11-07_10-34-56.csv,S2,2,concurrent,cr_nobatch,2025-11-07_10-34-56_run-8168,8168,2025-11-07T10:34:56,2025-11-07T10:34:56,2025-11-07,500,500,0.0,2025-11-07T10:34:58+00:00,2025-11-07T10:40:49+00:00,500.0,206.948908,204.5115,258.0671,276.74861,112.514,290.786,500.0,7.15092,6.987500000000001,8.1747,9.497429999999977,6.112,18.129
/Users/susannahufnagl/Desktop/UNI_Bachelor/TU Berlin/lebach/ba/Testresults/S2_independent/2025-11-07_10-40-49_run-8777/latencies_ce_batch_2025-11-07_10-40-49.csv,S2,2,independent,ce_batch,2025-11-07_10-40-49_run-8777,8777,2025-11-07T10:40:49,2025-11-07T10:40:49,2025-11-07,500,500,0.0,2025-11-07T10:40:52+00:00,2025-11-07T10:44:09+00:00,500.0,18.35679,17.834,22.309549999999994,26.185959999999984,15.138,32.965,500.0,12.091668,11.9785,12.9399,16.02067,9.969,19.146
/Users/susannahufnagl/Desktop/UNI_Bachelor/TU Berlin/lebach/ba/Testresults/S2_independent/2025-11-07_10-40-49_run-8777/latencies_ce_nobatch_2025-11-07_10-40-49.csv,S2,2,independent,ce_nobatch,2025-11-07_10-40-49_run-8777,8777,2025-11-07T10:40:49,2025-11-07T10:40:49,2025-11-07,500,500,0.0,2025-11-07T10:40:52+00:00,2025-11-07T10:44:09+00:00,500.0,13.113748,12.54,16.643699999999992,25.02698999999999,9.812,30.513,500.0,6.791186,6.675,7.603199999999999,8.259279999999995,4.836,20.93
/Users/susannahufnagl/Desktop/UNI_Bachelor/TU Berlin/lebach/ba/Testresults/S2_independent/2025-11-07_10-40-49_run-8777/latencies_cr_batch_2025-11-07_10-40-49.csv,S2,2,independent,cr_batch,2025-11-07_10-40-49_run-8777,8777,2025-11-07T10:40:49,2025-11-07T10:40:49,2025-11-07,500,500,0.0,2025-11-07T10:40:52+00:00,2025-11-07T10:44:59+00:00,500.0,183.333676,202.52,258.13615,282.17699999999996,73.152,306.959,500.0,12.365810000000002,12.256,13.260449999999999,13.89711,11.433,18.592
/Users/susannahufnagl/Desktop/UNI_Bachelor/TU Berlin/lebach/ba/Testresults/S2_independent/2025-11-07_10-40-49_run-8777/latencies_cr_nobatch_2025-11-07_10-40-49.csv,S2,2,independent,cr_nobatch,2025-11-07_10-40-49_run-8777,8777,2025-11-07T10:40:49,2025-11-07T10:40:49,2025-11-07,500,500,0.0,2025-11-07T10:40:52+00:00,2025-11-07T10:44:58+00:00,500.0,177.15119799999997,193.716,244.74259999999998,270.1095899999999,77.146,298.731,500.0,7.056185999999999,6.984500000000001,7.770499999999999,8.626279999999998,6.216,11.103
/Users/susannahufnagl/Desktop/UNI_Bachelor/TU Berlin/lebach/ba/Testresults/S3_concurrent/2025-11-08_15-30-12_run-1808/latencies_ce_batch_2025-11-08_15-30-12.csv,S3,3,concurrent,ce_batch,2025-11-08_15-30-12_run-1808,1808,2025-11-08T15:30:12,2025-11-08T15:30:12,2025-11-08,500,500,0.0,2025-11-08T15:30:14+00:00,2025-11-08T15:34:18+00:00,500.0,20.955298000000003,19.796,27.133249999999993,32.042539999999995,16.33,44.917,500.0,12.134928,12.022,13.1342,14.06719,10.956,25.057
/Users/susannahufnagl/Desktop/UNI_Bachelor/TU Berlin/lebach/ba/Testresults/S3_concurrent/2025-11-08_15-30-12_run-1808/latencies_ce_nobatch_2025-11-08_15-30-12.csv,S3,3,concurrent,ce_nobatch,2025-11-08_15-30-12_run-1808,1808,2025-11-08T15:30:12,2025-11-08T15:30:12,2025-11-08,500,500,0.0,2025-11-08T15:30:14+00:00,2025-11-08T15:34:18+00:00,500.0,17.55073,16.04,26.3113,32.37047,11.446,38.751,500.0,6.687744,6.614,7.524099999999998,8.166199999999998,5.656,10.577
/Users/susannahufnagl/Desktop/UNI_Bachelor/TU Berlin/lebach/ba/Testresults/S3_concurrent/2025-11-08_15-30-12_run-1808/latencies_cr_batch_2025-11-08_15-30-12.csv,S3,3,concurrent,cr_batch,2025-11-08_15-30-12_run-1808,1808,2025-11-08T15:30:12,2025-11-08T15:30:12,2025-11-08,500,500,0.0,2025-11-08T15:30:14+00:00,2025-11-08T15:34:18+00:00,500.0,104.09576000000001,102.828,125.87594999999999,139.53501,75.656,161.5,500.0,12.777216000000001,12.597999999999999,13.856449999999999,19.08957,11.532,26.767
/Users/susannahufnagl/Desktop/UNI_Bachelor/TU Berlin/lebach/ba/Testresults/S3_concurrent/2025-11-08_15-30-12_run-1808/latencies_cr_nobatch_2025-11-08_15-30-12.csv,S3,3,concurrent,cr_nobatch,2025-11-08_15-30-12_run-1808,1808,2025-11-08T15:30:12,2025-11-08T15:30:12,2025-11-08,500,500,0.0,2025-11-08T15:30:14+00:00,2025-11-08T15:34:18+00:00,500.0,100.43101000000001,98.3155,123.33844999999994,147.20481999999998,71.414,161.024,500.0,7.394902,7.153499999999999,8.4325,15.129059999999999,6.217,17.907
/Users/susannahufnagl/Desktop/UNI_Bachelor/TU Berlin/lebach/ba/Testresults/S3_independent/2025-11-08_15-34-19_run-6223/latencies_ce_batch_2025-11-08_15-34-19.csv,S3,3,independent,ce_batch,2025-11-08_15-34-19_run-6223,6223,2025-11-08T15:34:19,2025-11-08T15:34:19,2025-11-08,500,500,0.0,2025-11-08T15:34:20+00:00,2025-11-08T15:36:19+00:00,500.0,19.815078,19.0505,24.9291,28.52805,16.003,30.612,500.0,11.861822,11.763,12.86495,13.733829999999998,10.873,15.223
/Users/susannahufnagl/Desktop/UNI_Bachelor/TU Berlin/lebach/ba/Testresults/S3_independent/2025-11-08_15-34-19_run-6223/latencies_ce_nobatch_2025-11-08_15-34-19.csv,S3,3,independent,ce_nobatch,2025-11-08_15-34-19_run-6223,6223,2025-11-08T15:34:19,2025-11-08T15:34:19,2025-11-08,500,500,0.0,2025-11-08T15:34:20+00:00,2025-11-08T15:36:16+00:00,500.0,14.677406000000001,13.7035,21.456499999999995,25.997499999999995,11.112,32.818,500.0,6.618682000000001,6.5235,7.48205,8.573069999999998,5.67,12.005
/Users/susannahufnagl/Desktop/UNI_Bachelor/TU Berlin/lebach/ba/Testresults/S3_independent/2025-11-08_15-34-19_run-6223/latencies_cr_batch_2025-11-08_15-34-19.csv,S3,3,independent,cr_batch,2025-11-08_15-34-19_run-6223,6223,2025-11-08T15:34:19,2025-11-08T15:34:19,2025-11-08,500,500,0.0,2025-11-08T15:34:20+00:00,2025-11-08T15:36:43+00:00,500.0,99.29019,103.69749999999999,132.78184999999993,147.61328,48.977,158.608,500.0,12.908296,12.631,14.514399999999998,20.26017,11.275,31.689
/Users/susannahufnagl/Desktop/UNI_Bachelor/TU Berlin/lebach/ba/Testresults/S3_independent/2025-11-08_15-34-19_run-6223/latencies_cr_nobatch_2025-11-08_15-34-19.csv,S3,3,independent,cr_nobatch,2025-11-08_15-34-19_run-6223,6223,2025-11-08T15:34:19,2025-11-08T15:34:19,2025-11-08,500,500,0.0,2025-11-08T15:34:20+00:00,2025-11-08T15:36:41+00:00,500.0,94.26791200000001,97.001,126.35555,139.1396,50.004,147.21,500.0,7.440568000000001,7.2219999999999995,8.55405,11.890729999999994,6.07,17.312
/Users/susannahufnagl/Desktop/UNI_Bachelor/TU Berlin/lebach/ba/Testresults/S3_concurrent/2025-11-09_14-21-59_run-1336/latencies_ce_batch_2025-11-09_14-21-59.csv,S3,3,concurrent,ce_batch,2025-11-09_14-21-59_run-1336,1336,2025-11-09T14:21:59,2025-11-09T14:21:59,2025-11-09,500,500,0.0,2025-11-09T14:22:01+00:00,2025-11-09T14:26:06+00:00,500.0,19.21689,18.2265,24.95335,29.717669999999995,14.929,33.627,500.0,11.610774,11.489,12.64195,13.528569999999995,10.583,20.476
/Users/susannahufnagl/Desktop/UNI_Bachelor/TU Berlin/lebach/ba/Testresults/S3_concurrent/2025-11-09_14-21-59_run-1336/latencies_ce_nobatch_2025-11-09_14-21-59.csv,S3,3,concurrent,ce_nobatch,2025-11-09_14-21-59_run-1336,1336,2025-11-09T14:21:59,2025-11-09T14:21:59,2025-11-09,500,500,0.0,2025-11-09T14:22:01+00:00,2025-11-09T14:26:06+00:00,500.0,15.877934,13.975999999999999,23.68039999999999,26.88208,10.258,29.471,500.0,6.175008,6.0885,6.946949999999999,7.44512,5.091,13.226
/Users/susannahufnagl/Desktop/UNI_Bachelor/TU Berlin/lebach/ba/Testresults/S3_concurrent/2025-11-09_14-21-59_run-1336/latencies_cr_batch_2025-11-09_14-21-59.csv,S3,3,concurrent,cr_batch,2025-11-09_14-21-59_run-1336,1336,2025-11-09T14:21:59,2025-11-09T14:21:59,2025-11-09,500,500,0.0,2025-11-09T14:22:01+00:00,2025-11-09T14:26:06+00:00,500.0,106.632244,104.89949999999999,130.9931,146.4539,74.491,153.191,500.0,13.089322,12.756,14.898699999999993,20.48246,11.654,21.357
/Users/susannahufnagl/Desktop/UNI_Bachelor/TU Berlin/lebach/ba/Testresults/S3_concurrent/2025-11-09_14-21-59_run-1336/latencies_cr_nobatch_2025-11-09_14-21-59.csv,S3,3,concurrent,cr_nobatch,2025-11-09_14-21-59_run-1336,1336,2025-11-09T14:21:59,2025-11-09T14:21:59,2025-11-09,500,500,0.0,2025-11-09T14:22:01+00:00,2025-11-09T14:26:06+00:00,500.0,103.472938,98.98750000000001,127.7194,143.53243999999998,66.805,1108.513,500.0,7.580021999999999,7.3485,8.503449999999994,11.782569999999987,6.177,41.681
/Users/susannahufnagl/Desktop/UNI_Bachelor/TU Berlin/lebach/ba/Testresults/S3_independent/2025-11-09_14-26-07_run-2627/latencies_ce_batch_2025-11-09_14-26-07.csv,S3,3,independent,ce_batch,2025-11-09_14-26-07_run-2627,2627,2025-11-09T14:26:07,2025-11-09T14:26:07,2025-11-09,500,500,0.0,2025-11-09T14:26:08+00:00,2025-11-09T14:28:06+00:00,500.0,17.735684000000003,16.981,22.292399999999994,26.756479999999986,14.288,49.368,500.0,11.413902,11.245,12.184249999999999,13.232709999999996,9.625,43.746
/Users/susannahufnagl/Desktop/UNI_Bachelor/TU Berlin/lebach/ba/Testresults/S3_independent/2025-11-09_14-26-07_run-2627/latencies_ce_nobatch_2025-11-09_14-26-07.csv,S3,3,independent,ce_nobatch,2025-11-09_14-26-07_run-2627,2627,2025-11-09T14:26:07,2025-11-09T14:26:07,2025-11-09,500,500,0.0,2025-11-09T14:26:08+00:00,2025-11-09T14:28:03+00:00,500.0,12.700274000000002,11.86,18.642049999999998,22.260559999999995,8.208,43.589,500.0,6.117648,6.0445,6.92105,7.853629999999999,3.77,9.454
/Users/susannahufnagl/Desktop/UNI_Bachelor/TU Berlin/lebach/ba/Testresults/S3_independent/2025-11-09_14-26-07_run-2627/latencies_cr_batch_2025-11-09_14-26-07.csv,S3,3,independent,cr_batch,2025-11-09_14-26-07_run-2627,2627,2025-11-09T14:26:07,2025-11-09T14:26:07,2025-11-09,500,500,0.0,2025-11-09T14:26:08+00:00,2025-11-09T14:28:31+00:00,500.0,100.56626999999999,106.0245,133.7167,146.20513999999997,51.006,189.572,500.0,12.606772000000001,12.489,13.694499999999998,14.629359999999998,10.324,20.253
/Users/susannahufnagl/Desktop/UNI_Bachelor/TU Berlin/lebach/ba/Testresults/S3_independent/2025-11-09_14-26-07_run-2627/latencies_cr_nobatch_2025-11-09_14-26-07.csv,S3,3,independent,cr_nobatch,2025-11-09_14-26-07_run-2627,2627,2025-11-09T14:26:07,2025-11-09T14:26:07,2025-11-09,500,500,0.0,2025-11-09T14:26:08+00:00,2025-11-09T14:28:29+00:00,500.0,95.09882400000001,99.911,129.5341,140.41108,48.987,182.007,500.0,7.251122,7.175,8.136999999999999,9.128549999999999,5.378,13.219
/Users/susannahufnagl/Desktop/UNI_Bachelor/TU Berlin/lebach/ba/Testresults/S4_concurrent/2025-11-09_13-27-12_run-0373/latencies_ce_batch_2025-11-09_13-27-12.csv,S4,4,concurrent,ce_batch,2025-11-09_13-27-12_run-0373,0373,2025-11-09T13:27:12,2025-11-09T13:27:12,2025-11-09,500,500,0.0,2025-11-09T13:27:14+00:00,2025-11-09T13:31:22+00:00,500.0,23.507246,21.8015,34.91954999999999,45.24325999999999,16.952,50.63,500.0,13.884975999999998,12.756499999999999,19.7349,26.636009999999978,10.983,44.51
/Users/susannahufnagl/Desktop/UNI_Bachelor/TU Berlin/lebach/ba/Testresults/S4_concurrent/2025-11-09_13-27-12_run-0373/latencies_ce_nobatch_2025-11-09_13-27-12.csv,S4,4,concurrent,ce_nobatch,2025-11-09_13-27-12_run-0373,0373,2025-11-09T13:27:12,2025-11-09T13:27:12,2025-11-09,500,500,0.0,2025-11-09T13:27:14+00:00,2025-11-09T13:31:22+00:00,500.0,19.192858,17.6965,30.34314999999999,42.58590999999996,10.86,52.364,500.0,7.462724000000001,6.8134999999999994,11.220799999999995,16.929709999999996,5.627,24.108
/Users/susannahufnagl/Desktop/UNI_Bachelor/TU Berlin/lebach/ba/Testresults/S4_concurrent/2025-11-09_13-27-12_run-0373/latencies_cr_batch_2025-11-09_13-27-12.csv,S4,4,concurrent,cr_batch,2025-11-09_13-27-12_run-0373,0373,2025-11-09T13:27:12,2025-11-09T13:27:12,2025-11-09,500,500,0.0,2025-11-09T13:27:14+00:00,2025-11-09T13:31:22+00:00,500.0,110.16736999999999,108.97149999999999,135.34099999999995,148.12673999999996,72.625,158.106,500.0,12.750350000000001,12.5125,13.800649999999997,21.246879999999997,11.276,25.345
/Users/susannahufnagl/Desktop/UNI_Bachelor/TU Berlin/lebach/ba/Testresults/S4_concurrent/2025-11-09_13-27-12_run-0373/latencies_cr_nobatch_2025-11-09_13-27-12.csv,S4,4,concurrent,cr_nobatch,2025-11-09_13-27-12_run-0373,0373,2025-11-09T13:27:12,2025-11-09T13:27:12,2025-11-09,500,500,0.0,2025-11-09T13:27:14+00:00,2025-11-09T13:31:22+00:00,500.0,104.707318,103.801,132.78794999999997,146.53966999999994,67.342,178.715,500.0,7.694944,7.307,8.492649999999998,15.95752,5.943,83.48
/Users/susannahufnagl/Desktop/UNI_Bachelor/TU Berlin/lebach/ba/Testresults/S4_independent/2025-11-09_13-31-22_run-1842/latencies_ce_batch_2025-11-09_13-31-22.csv,S4,4,independent,ce_batch,2025-11-09_13-31-22_run-1842,1842,2025-11-09T13:31:22,2025-11-09T13:31:22,2025-11-09,500,500,0.0,2025-11-09T13:31:24+00:00,2025-11-09T13:33:25+00:00,500.0,21.80534,19.939999999999998,31.98149999999999,43.82361999999998,15.741,74.691,500.0,13.774209999999998,12.61,20.04685,29.119319999999995,10.364,39.744
/Users/susannahufnagl/Desktop/UNI_Bachelor/TU Berlin/lebach/ba/Testresults/S4_independent/2025-11-09_13-31-22_run-1842/latencies_ce_nobatch_2025-11-09_13-31-22.csv,S4,4,independent,ce_nobatch,2025-11-09_13-31-22_run-1842,1842,2025-11-09T13:31:22,2025-11-09T13:31:22,2025-11-09,500,500,0.0,2025-11-09T13:31:24+00:00,2025-11-09T13:33:24+00:00,500.0,15.741507999999998,13.7345,25.558499999999995,31.90833999999998,10.373,49.617,500.0,7.3804799999999995,6.6315,11.697449999999995,15.727729999999989,4.627,27.413
/Users/susannahufnagl/Desktop/UNI_Bachelor/TU Berlin/lebach/ba/Testresults/S4_independent/2025-11-09_13-31-22_run-1842/latencies_cr_batch_2025-11-09_13-31-22.csv,S4,4,independent,cr_batch,2025-11-09_13-31-22_run-1842,1842,2025-11-09T13:31:22,2025-11-09T13:31:22,2025-11-09,500,500,0.0,2025-11-09T13:31:24+00:00,2025-11-09T13:33:49+00:00,500.0,101.97198,106.76249999999999,135.5656,148.14766,50.597,199.31,500.0,12.754786,12.5975,13.700849999999999,17.067989999999995,11.007,21.316
/Users/susannahufnagl/Desktop/UNI_Bachelor/TU Berlin/lebach/ba/Testresults/S4_independent/2025-11-09_13-31-22_run-1842/latencies_cr_nobatch_2025-11-09_13-31-22.csv,S4,4,independent,cr_nobatch,2025-11-09_13-31-22_run-1842,1842,2025-11-09T13:31:22,2025-11-09T13:31:22,2025-11-09,500,500,0.0,2025-11-09T13:31:24+00:00,2025-11-09T13:33:48+00:00,500.0,96.42826800000002,100.6705,130.9031,144.18126999999998,50.426,176.292,500.0,7.378036,7.208,8.401899999999996,12.049949999999994,5.564,16.824
/Users/susannahufnagl/Desktop/UNI_Bachelor/TU Berlin/lebach/ba/Testresults/S2_concurrent/2025-11-11_21-05-11_run-2230/latencies_ce_batch_2025-11-11_21-05-11.csv,S2,2,concurrent,ce_batch,2025-11-11_21-05-11_run-2230,2230,2025-11-11T21:05:11,2025-11-11T21:05:11,2025-11-11,500,500,0.0,2025-11-11T21:05:13+00:00,2025-11-11T21:09:14+00:00,500.0,18.737946000000004,17.6495,23.603149999999992,26.723859999999988,15.216,33.794,500.0,11.817096000000001,11.699,12.8637,13.769879999999997,10.789,19.764
/Users/susannahufnagl/Desktop/UNI_Bachelor/TU Berlin/lebach/ba/Testresults/S2_concurrent/2025-11-11_21-05-11_run-2230/latencies_ce_nobatch_2025-11-11_21-05-11.csv,S2,2,concurrent,ce_nobatch,2025-11-11_21-05-11_run-2230,2230,2025-11-11T21:05:11,2025-11-11T21:05:11,2025-11-11,500,500,0.0,2025-11-11T21:05:13+00:00,2025-11-11T21:09:14+00:00,500.0,15.194234,13.5855,23.2365,25.714379999999988,9.742,28.557,500.0,6.395932000000001,6.3365,7.214,7.58126,5.479,8.93
/Users/susannahufnagl/Desktop/UNI_Bachelor/TU Berlin/lebach/ba/Testresults/S2_concurrent/2025-11-11_21-05-11_run-2230/latencies_cr_batch_2025-11-11_21-05-11.csv,S2,2,concurrent,cr_batch,2025-11-11_21-05-11_run-2230,2230,2025-11-11T21:05:11,2025-11-11T21:05:11,2025-11-11,500,500,0.0,2025-11-11T21:05:13+00:00,2025-11-11T21:09:14+00:00,500.0,104.549138,103.38900000000001,125.66624999999998,144.85957,77.429,187.174,500.0,13.154872,12.894,14.18015,18.540509999999998,11.803,31.741
/Users/susannahufnagl/Desktop/UNI_Bachelor/TU Berlin/lebach/ba/Testresults/S2_concurrent/2025-11-11_21-05-11_run-2230/latencies_cr_nobatch_2025-11-11_21-05-11.csv,S2,2,concurrent,cr_nobatch,2025-11-11_21-05-11_run-2230,2230,2025-11-11T21:05:11,2025-11-11T21:05:11,2025-11-11,500,500,0.0,2025-11-11T21:05:13+00:00,2025-11-11T21:09:14+00:00,500.0,98.18022599999999,95.304,125.04054999999995,150.38440999999997,67.615,160.628,500.0,7.817286,7.529999999999999,9.653299999999994,12.905109999999999,6.384,19.266
/Users/susannahufnagl/Desktop/UNI_Bachelor/TU Berlin/lebach/ba/Testresults/S2_independent/2025-11-11_21-09-14_run-4957/latencies_ce_batch_2025-11-11_21-09-14.csv,S2,2,independent,ce_batch,2025-11-11_21-09-14_run-4957,4957,2025-11-11T21:09:14,2025-11-11T21:09:14,2025-11-11,500,500,0.0,2025-11-11T21:09:16+00:00,2025-11-11T21:11:11+00:00,500.0,18.13878,17.217,22.684949999999997,27.64115,14.933,75.087,500.0,11.985975999999999,11.635,12.735299999999999,15.964089999999997,10.763,70.615
/Users/susannahufnagl/Desktop/UNI_Bachelor/TU Berlin/lebach/ba/Testresults/S2_independent/2025-11-11_21-09-14_run-4957/latencies_ce_nobatch_2025-11-11_21-09-14.csv,S2,2,independent,ce_nobatch,2025-11-11_21-09-14_run-4957,4957,2025-11-11T21:09:14,2025-11-11T21:09:14,2025-11-11,500,500,0.0,2025-11-11T21:09:16+00:00,2025-11-11T21:11:08+00:00,500.0,13.008492,12.0205,18.38134999999999,23.605139999999995,9.552,75.099,500.0,6.663814,6.38,7.365949999999998,11.114090000000001,5.468,70.162
/Users/susannahufnagl/Desktop/UNI_Bachelor/TU Berlin/lebach/ba/Testresults/S2_independent/2025-11-11_21-09-14_run-4957/latencies_cr_batch_2025-11-11_21-09-14.csv,S2,2,independent,cr_batch,2025-11-11_21-09-14_run-4957,4957,2025-11-11T21:09:14,2025-11-11T21:09:14,2025-11-11,500,500,0.0,2025-11-11T21:09:16+00:00,2025-11-11T21:11:35+00:00,500.0,97.863522,102.5795,128.65345,136.97372000000001,50.326,151.835,500.0,13.158918000000002,12.929,15.348099999999997,17.92635,11.643,18.391
/Users/susannahufnagl/Desktop/UNI_Bachelor/TU Berlin/lebach/ba/Testresults/S2_independent/2025-11-11_21-09-14_run-4957/latencies_cr_nobatch_2025-11-11_21-09-14.csv,S2,2,independent,cr_nobatch,2025-11-11_21-09-14_run-4957,4957,2025-11-11T21:09:14,2025-11-11T21:09:14,2025-11-11,500,500,0.0,2025-11-11T21:09:16+00:00,2025-11-11T21:11:34+00:00,500.0,93.311978,98.776,125.09729999999998,138.07142999999996,49.882,149.874,500.0,7.8180499999999995,7.6065000000000005,9.318199999999988,12.531289999999995,6.33,14.865
/Users/susannahufnagl/Desktop/UNI_Bachelor/TU Berlin/lebach/ba/Testresults/S3_concurrent/2025-11-11_19-58-48_run-5611/latencies_ce_batch_2025-11-11_19-58-48.csv,S3,3,concurrent,ce_batch,2025-11-11_19-58-48_run-5611,5611,2025-11-11T19:58:48,2025-11-11T19:58:48,2025-11-11,500,500,0.0,2025-11-11T19:58:50+00:00,2025-11-11T20:02:55+00:00,500.0,19.731332000000002,18.4565,25.685449999999992,28.542329999999996,15.451,34.695,500.0,11.898346,11.743500000000001,12.973549999999998,13.873109999999999,10.885,29.484
/Users/susannahufnagl/Desktop/UNI_Bachelor/TU Berlin/lebach/ba/Testresults/S3_concurrent/2025-11-11_19-58-48_run-5611/latencies_ce_nobatch_2025-11-11_19-58-48.csv,S3,3,concurrent,ce_nobatch,2025-11-11_19-58-48_run-5611,5611,2025-11-11T19:58:48,2025-11-11T19:58:48,2025-11-11,500,500,0.0,2025-11-11T19:58:50+00:00,2025-11-11T20:02:55+00:00,500.0,16.192842,14.071000000000002,24.465899999999998,27.369919999999997,9.883,29.782,500.0,6.482710000000001,6.397,7.3301,8.630339999999999,5.442,9.84
/Users/susannahufnagl/Desktop/UNI_Bachelor/TU Berlin/lebach/ba/Testresults/S3_concurrent/2025-11-11_19-58-48_run-5611/latencies_cr_batch_2025-11-11_19-58-48.csv,S3,3,concurrent,cr_batch,2025-11-11_19-58-48_run-5611,5611,2025-11-11T19:58:48,2025-11-11T19:58:48,2025-11-11,500,500,0.0,2025-11-11T19:58:50+00:00,2025-11-11T20:02:55+00:00,500.0,106.17724799999999,105.2305,126.09324999999997,143.12915999999998,75.444,164.055,500.0,13.074848000000001,12.784,14.82775,20.26105,11.756,22.289
/Users/susannahufnagl/Desktop/UNI_Bachelor/TU Berlin/lebach/ba/Testresults/S3_concurrent/2025-11-11_19-58-48_run-5611/latencies_cr_nobatch_2025-11-11_19-58-48.csv,S3,3,concurrent,cr_nobatch,2025-11-11_19-58-48_run-5611,5611,2025-11-11T19:58:48,2025-11-11T19:58:48,2025-11-11,500,500,0.0,2025-11-11T19:58:50+00:00,2025-11-11T20:02:55+00:00,500.0,100.520914,99.5735,124.07845,138.10314,65.357,169.017,500.0,7.770170000000001,7.485,8.907949999999992,15.005609999999988,6.497,19.423
/Users/susannahufnagl/Desktop/UNI_Bachelor/TU Berlin/lebach/ba/Testresults/S3_independent/2025-11-11_20-02-55_run-4690/latencies_ce_batch_2025-11-11_20-02-55.csv,S3,3,independent,ce_batch,2025-11-11_20-02-55_run-4690,4690,2025-11-11T20:02:55,2025-11-11T20:02:55,2025-11-11,500,500,0.0,2025-11-11T20:02:57+00:00,2025-11-11T20:04:55+00:00,500.0,18.347702,17.6635,22.884499999999996,26.06288,14.101,42.683,500.0,11.823284,11.6425,12.716199999999995,14.660369999999993,9.991,35.962
/Users/susannahufnagl/Desktop/UNI_Bachelor/TU Berlin/lebach/ba/Testresults/S3_independent/2025-11-11_20-02-55_run-4690/latencies_ce_nobatch_2025-11-11_20-02-55.csv,S3,3,independent,ce_nobatch,2025-11-11_20-02-55_run-4690,4690,2025-11-11T20:02:55,2025-11-11T20:02:55,2025-11-11,500,500,0.0,2025-11-11T20:02:57+00:00,2025-11-11T20:04:52+00:00,500.0,13.505702000000001,12.540500000000002,19.39909999999999,23.689319999999995,9.928,27.084,500.0,6.529596,6.448,7.396699999999998,8.181479999999999,5.073,9.243
/Users/susannahufnagl/Desktop/UNI_Bachelor/TU Berlin/lebach/ba/Testresults/S3_independent/2025-11-11_20-02-55_run-4690/latencies_cr_batch_2025-11-11_20-02-55.csv,S3,3,independent,cr_batch,2025-11-11_20-02-55_run-4690,4690,2025-11-11T20:02:55,2025-11-11T20:02:55,2025-11-11,500,500,0.0,2025-11-11T20:02:57+00:00,2025-11-11T20:05:20+00:00,500.0,100.2075,104.3715,133.42249999999999,148.03103999999996,50.915,180.434,500.0,13.268949999999998,12.942,15.843399999999985,19.07391999999999,10.972,20.648
/Users/susannahufnagl/Desktop/UNI_Bachelor/TU Berlin/lebach/ba/Testresults/S3_independent/2025-11-11_20-02-55_run-4690/latencies_cr_nobatch_2025-11-11_20-02-55.csv,S3,3,independent,cr_nobatch,2025-11-11_20-02-55_run-4690,4690,2025-11-11T20:02:55,2025-11-11T20:02:55,2025-11-11,500,500,0.0,2025-11-11T20:02:57+00:00,2025-11-11T20:05:18+00:00,500.0,95.514704,100.679,128.02175,145.22339,50.59,154.475,500.0,7.84001,7.5875,9.896849999999988,13.042229999999996,6.377,15.364
/Users/susannahufnagl/Desktop/UNI_Bachelor/TU Berlin/lebach/ba/Testresults/S4_concurrent/2025-11-11_19-37-45_run-1761/latencies_ce_batch_2025-11-11_19-37-45.csv,S4,4,concurrent,ce_batch,2025-11-11_19-37-45_run-1761,1761,2025-11-11T19:37:45,2025-11-11T19:37:45,2025-11-11,500,500,0.0,2025-11-11T19:37:47+00:00,2025-11-11T19:41:54+00:00,500.0,24.443337999999997,23.1685,36.2733,43.119009999999996,16.676,58.308,500.0,14.485815999999998,13.216000000000001,20.766299999999994,28.242729999999987,11.332,44.523
/Users/susannahufnagl/Desktop/UNI_Bachelor/TU Berlin/lebach/ba/Testresults/S4_concurrent/2025-11-11_19-37-45_run-1761/latencies_ce_nobatch_2025-11-11_19-37-45.csv,S4,4,concurrent,ce_nobatch,2025-11-11_19-37-45_run-1761,1761,2025-11-11T19:37:45,2025-11-11T19:37:45,2025-11-11,500,500,0.0,2025-11-11T19:37:47+00:00,2025-11-11T19:41:54+00:00,500.0,20.689610000000002,19.0685,34.96424999999998,43.66986999999999,11.283,87.749,500.0,8.116494000000001,7.263,13.77685,19.5133,5.879,23.201
/Users/susannahufnagl/Desktop/UNI_Bachelor/TU Berlin/lebach/ba/Testresults/S4_concurrent/2025-11-11_19-37-45_run-1761/latencies_cr_batch_2025-11-11_19-37-45.csv,S4,4,concurrent,cr_batch,2025-11-11_19-37-45_run-1761,1761,2025-11-11T19:37:45,2025-11-11T19:37:45,2025-11-11,500,500,0.0,2025-11-11T19:37:47+00:00,2025-11-11T19:41:54+00:00,500.0,109.288614,107.85650000000001,135.2054,150.56737999999999,75.566,174.746,500.0,13.14648,12.8015,15.519349999999998,20.097239999999992,11.687,23.08
/Users/susannahufnagl/Desktop/UNI_Bachelor/TU Berlin/lebach/ba/Testresults/S4_concurrent/2025-11-11_19-37-45_run-1761/latencies_cr_nobatch_2025-11-11_19-37-45.csv,S4,4,concurrent,cr_nobatch,2025-11-11_19-37-45_run-1761,1761,2025-11-11T19:37:45,2025-11-11T19:37:45,2025-11-11,500,500,0.0,2025-11-11T19:37:47+00:00,2025-11-11T19:41:54+00:00,500.0,102.922576,101.759,129.89424999999997,141.8059,66.089,152.077,500.0,7.619996,7.3505,9.032349999999994,12.84859,6.417,15.8
/Users/susannahufnagl/Desktop/UNI_Bachelor/TU Berlin/lebach/ba/Testresults/S4_independent/2025-11-11_19-41-54_run-1341/latencies_ce_batch_2025-11-11_19-41-54.csv,S4,4,independent,ce_batch,2025-11-11_19-41-54_run-1341,1341,2025-11-11T19:41:54,2025-11-11T19:41:54,2025-11-11,500,500,0.0,2025-11-11T19:41:56+00:00,2025-11-11T19:43:56+00:00,500.0,22.44563,20.561999999999998,31.79774999999999,44.337099999999985,16.615,56.363,500.0,14.084119999999999,12.8225,20.20955,24.396149999999995,11.034,43.591
/Users/susannahufnagl/Desktop/UNI_Bachelor/TU Berlin/lebach/ba/Testresults/S4_independent/2025-11-11_19-41-54_run-1341/latencies_ce_nobatch_2025-11-11_19-41-54.csv,S4,4,independent,ce_nobatch,2025-11-11_19-41-54_run-1341,1341,2025-11-11T19:41:54,2025-11-11T19:41:54,2025-11-11,500,500,0.0,2025-11-11T19:41:56+00:00,2025-11-11T19:43:54+00:00,500.0,16.19763,14.3045,27.862499999999986,35.680009999999996,10.652,48.955,500.0,7.736211999999999,6.8885000000000005,11.964449999999994,19.718069999999987,5.783,35.809
/Users/susannahufnagl/Desktop/UNI_Bachelor/TU Berlin/lebach/ba/Testresults/S4_independent/2025-11-11_19-41-54_run-1341/latencies_cr_batch_2025-11-11_19-41-54.csv,S4,4,independent,cr_batch,2025-11-11_19-41-54_run-1341,1341,2025-11-11T19:41:54,2025-11-11T19:41:54,2025-11-11,500,500,0.0,2025-11-11T19:41:56+00:00,2025-11-11T19:44:20+00:00,500.0,100.540576,106.02449999999999,132.46189999999996,142.71471,51.818,185.733,500.0,12.887329999999999,12.7325,13.98015,16.877699999999994,10.78,23.041
/Users/susannahufnagl/Desktop/UNI_Bachelor/TU Berlin/lebach/ba/Testresults/S4_independent/2025-11-11_19-41-54_run-1341/latencies_cr_nobatch_2025-11-11_19-41-54.csv,S4,4,independent,cr_nobatch,2025-11-11_19-41-54_run-1341,1341,2025-11-11T19:41:54,2025-11-11T19:41:54,2025-11-11,500,500,0.0,2025-11-11T19:41:56+00:00,2025-11-11T19:44:19+00:00,500.0,96.745892,102.39250000000001,129.85824999999997,144.37595999999996,49.207,158.274,500.0,7.67291,7.4045000000000005,9.115199999999989,14.360069999999999,6.319,16.619
/Users/susannahufnagl/Desktop/UNI_Bachelor/TU Berlin/lebach/ba/Testresults/S0_concurrent/2025-11-14_21-17-29_run-2627/latencies_ce_batch_2025-11-14_21-17-29.csv,S0,0,concurrent,ce_batch,2025-11-14_21-17-29_run-2627,2627,2025-11-14T21:17:29,2025-11-14T21:17:29,2025-11-14,500,500,0.0,2025-11-14T21:17:31+00:00,2025-11-14T21:21:26+00:00,500.0,13.378216,12.9455,16.958849999999995,19.579929999999997,10.595,30.965,500.0,12.227654000000001,12.009,13.66955,17.29959,10.013,29.283
/Users/susannahufnagl/Desktop/UNI_Bachelor/TU Berlin/lebach/ba/Testresults/S0_concurrent/2025-11-14_21-17-29_run-2627/latencies_ce_nobatch_2025-11-14_21-17-29.csv,S0,0,concurrent,ce_nobatch,2025-11-14_21-17-29_run-2627,2627,2025-11-14T21:17:29,2025-11-14T21:17:29,2025-11-14,500,500,0.0,2025-11-14T21:17:31+00:00,2025-11-14T21:21:26+00:00,500.0,8.431858,7.699,13.271099999999999,15.662469999999988,5.519,20.662,500.0,6.915719999999999,6.666,8.696999999999997,11.809109999999999,4.746,19.713
/Users/susannahufnagl/Desktop/UNI_Bachelor/TU Berlin/lebach/ba/Testresults/S0_concurrent/2025-11-14_21-17-29_run-2627/latencies_cr_batch_2025-11-14_21-17-29.csv,S0,0,concurrent,cr_batch,2025-11-14_21-17-29_run-2627,2627,2025-11-14T21:17:29,2025-11-14T21:17:29,2025-11-14,500,500,0.0,2025-11-14T21:17:31+00:00,2025-11-14T21:21:26+00:00,500.0,104.70432000000001,103.0685,128.7903,140.97898,73.167,143.02,500.0,13.493334,13.336,14.964049999999999,17.575549999999996,11.886,19.879
/Users/susannahufnagl/Desktop/UNI_Bachelor/TU Berlin/lebach/ba/Testresults/S0_concurrent/2025-11-14_21-17-29_run-2627/latencies_cr_nobatch_2025-11-14_21-17-29.csv,S0,0,concurrent,cr_nobatch,2025-11-14_21-17-29_run-2627,2627,2025-11-14T21:17:29,2025-11-14T21:17:29,2025-11-14,500,500,0.0,2025-11-14T21:17:31+00:00,2025-11-14T21:21:26+00:00,500.0,101.642568,98.0435,128.35154999999995,143.3707,68.683,171.524,500.0,8.221502000000001,8.021,9.855499999999997,12.59884,6.694,14.848
/Users/susannahufnagl/Desktop/UNI_Bachelor/TU Berlin/lebach/ba/Testresults/S0_independent/2025-11-14_21-21-27_run-1587/latencies_ce_batch_2025-11-14_21-21-27.csv,S0,0,independent,ce_batch,2025-11-14_21-21-27_run-1587,1587,2025-11-14T21:21:27,2025-11-14T21:21:27,2025-11-14,500,500,0.0,2025-11-14T21:21:28+00:00,2025-11-14T21:23:18+00:00,500.0,13.540912,12.909,17.860749999999996,22.939009999999996,11.107,36.862,500.0,12.22634,11.9625,13.336449999999997,17.13107999999999,10.606,33.659
/Users/susannahufnagl/Desktop/UNI_Bachelor/TU Berlin/lebach/ba/Testresults/S0_independent/2025-11-14_21-21-27_run-1587/latencies_ce_nobatch_2025-11-14_21-21-27.csv,S0,0,independent,ce_nobatch,2025-11-14_21-21-27_run-1587,1587,2025-11-14T21:21:27,2025-11-14T21:21:27,2025-11-14,500,500,0.0,2025-11-14T21:21:28+00:00,2025-11-14T21:23:15+00:00,500.0,8.210248,7.6065000000000005,12.646649999999998,16.55382999999998,4.723,28.888,500.0,6.888336000000001,6.673,8.0633,11.857289999999999,4.285,28.164
/Users/susannahufnagl/Desktop/UNI_Bachelor/TU Berlin/lebach/ba/Testresults/S0_independent/2025-11-14_21-21-27_run-1587/latencies_cr_batch_2025-11-14_21-21-27.csv,S0,0,independent,cr_batch,2025-11-14_21-21-27_run-1587,1587,2025-11-14T21:21:27,2025-11-14T21:21:27,2025-11-14,500,500,0.0,2025-11-14T21:21:28+00:00,2025-11-14T21:23:43+00:00,500.0,95.51121800000001,100.973,127.05895000000001,136.58004,49.73,147.93,500.0,13.889342000000001,13.468,18.158149999999996,19.696740000000002,12.16,22.482
/Users/susannahufnagl/Desktop/UNI_Bachelor/TU Berlin/lebach/ba/Testresults/S0_independent/2025-11-14_21-21-27_run-1587/latencies_cr_nobatch_2025-11-14_21-21-27.csv,S0,0,independent,cr_nobatch,2025-11-14_21-21-27_run-1587,1587,2025-11-14T21:21:27,2025-11-14T21:21:27,2025-11-14,500,500,0.0,2025-11-14T21:21:28+00:00,2025-11-14T21:23:41+00:00,500.0,90.517148,95.06649999999999,118.26389999999998,129.20434,47.409,137.739,500.0,8.495462,8.1095,12.429549999999997,13.87657,7.059,19.316
/Users/susannahufnagl/Desktop/UNI_Bachelor/TU Berlin/lebach/ba/Testresults/S1_concurrent/2025-11-14_21-45-50_run-8002/latencies_ce_batch_2025-11-14_21-45-50.csv,S1,1,concurrent,ce_batch,2025-11-14_21-45-50_run-8002,8002,2025-11-14T21:45:50,2025-11-14T21:45:50,2025-11-14,500,500,0.0,2025-11-14T21:45:52+00:00,2025-11-14T21:49:47+00:00,500.0,18.372888,17.814,22.747799999999994,25.07631,15.416,30.966,500.0,12.223632,12.034500000000001,13.9007,16.7638,9.989,17.678
/Users/susannahufnagl/Desktop/UNI_Bachelor/TU Berlin/lebach/ba/Testresults/S1_concurrent/2025-11-14_21-45-50_run-8002/latencies_ce_nobatch_2025-11-14_21-45-50.csv,S1,1,concurrent,ce_nobatch,2025-11-14_21-45-50_run-8002,8002,2025-11-14T21:45:50,2025-11-14T21:45:50,2025-11-14,500,500,0.0,2025-11-14T21:45:52+00:00,2025-11-14T21:49:47+00:00,500.0,12.946402,12.381499999999999,17.39915,19.83475,9.927,22.183,500.0,6.874327999999999,6.6155,8.575599999999998,11.956399999999999,4.163,14.012
/Users/susannahufnagl/Desktop/UNI_Bachelor/TU Berlin/lebach/ba/Testresults/S1_concurrent/2025-11-14_21-45-50_run-8002/latencies_cr_batch_2025-11-14_21-45-50.csv,S1,1,concurrent,cr_batch,2025-11-14_21-45-50_run-8002,8002,2025-11-14T21:45:50,2025-11-14T21:45:50,2025-11-14,500,500,0.0,2025-11-14T21:45:52+00:00,2025-11-14T21:49:47+00:00,500.0,99.74471399999999,99.261,113.84759999999997,129.99529,74.908,155.277,500.0,13.66775,13.46,15.012149999999991,18.2121,12.124,19.16
/Users/susannahufnagl/Desktop/UNI_Bachelor/TU Berlin/lebach/ba/Testresults/S1_concurrent/2025-11-14_21-45-50_run-8002/latencies_cr_nobatch_2025-11-14_21-45-50.csv,S1,1,concurrent,cr_nobatch,2025-11-14_21-45-50_run-8002,8002,2025-11-14T21:45:50,2025-11-14T21:45:50,2025-11-14,500,500,0.0,2025-11-14T21:45:52+00:00,2025-11-14T21:49:47+00:00,500.0,96.93370000000002,95.1055,117.31205,139.20466,68.672,156.63,500.0,8.322774,8.0655,9.833449999999988,13.310219999999997,6.829,14.116
/Users/susannahufnagl/Desktop/UNI_Bachelor/TU Berlin/lebach/ba/Testresults/S1_independent/2025-11-14_21-49-48_run-7671/latencies_ce_batch_2025-11-14_21-49-48.csv,S1,1,independent,ce_batch,2025-11-14_21-49-48_run-7671,7671,2025-11-14T21:49:48,2025-11-14T21:49:48,2025-11-14,500,500,0.0,2025-11-14T21:49:49+00:00,2025-11-14T21:51:41+00:00,500.0,18.352019999999996,17.6925,23.5531,26.3328,14.915,30.65,500.0,12.351664000000001,12.205,13.695599999999994,16.083959999999994,9.706,17.368
/Users/susannahufnagl/Desktop/UNI_Bachelor/TU Berlin/lebach/ba/Testresults/S1_independent/2025-11-14_21-49-48_run-7671/latencies_ce_nobatch_2025-11-14_21-49-48.csv,S1,1,independent,ce_nobatch,2025-11-14_21-49-48_run-7671,7671,2025-11-14T21:49:48,2025-11-14T21:49:48,2025-11-14,500,500,0.0,2025-11-14T21:49:49+00:00,2025-11-14T21:51:38+00:00,500.0,13.084574,12.329,18.091599999999996,21.7547,9.71,25.63,500.0,7.098952000000001,6.904,8.648899999999992,12.253169999999997,5.33,13.462
/Users/susannahufnagl/Desktop/UNI_Bachelor/TU Berlin/lebach/ba/Testresults/S1_independent/2025-11-14_21-49-48_run-7671/latencies_cr_batch_2025-11-14_21-49-48.csv,S1,1,independent,cr_batch,2025-11-14_21-49-48_run-7671,7671,2025-11-14T21:49:48,2025-11-14T21:49:48,2025-11-14,500,500,0.0,2025-11-14T21:49:49+00:00,2025-11-14T21:52:04+00:00,500.0,95.33645000000001,101.98599999999999,121.84329999999999,131.96840999999998,50.69,139.312,500.0,13.686406000000002,13.4605,15.122549999999999,18.3549,12.44,20.64
/Users/susannahufnagl/Desktop/UNI_Bachelor/TU Berlin/lebach/ba/Testresults/S1_independent/2025-11-14_21-49-48_run-7671/latencies_cr_nobatch_2025-11-14_21-49-48.csv,S1,1,independent,cr_nobatch,2025-11-14_21-49-48_run-7671,7671,2025-11-14T21:49:48,2025-11-14T21:49:48,2025-11-14,500,500,0.0,2025-11-14T21:49:49+00:00,2025-11-14T21:52:02+00:00,500.0,90.233992,92.5445,119.6492,133.46825,49.765,139.854,500.0,8.341308,8.122,9.992399999999995,13.153089999999997,6.878,13.748
/Users/susannahufnagl/Desktop/UNI_Bachelor/TU Berlin/lebach/ba/Testresults/S2_concurrent/2025-11-14_21-58-30_run-3152/latencies_ce_batch_2025-11-14_21-58-30.csv,S2,2,concurrent,ce_batch,2025-11-14_21-58-30_run-3152,3152,2025-11-14T21:58:30,2025-11-14T21:58:30,2025-11-14,500,500,0.0,2025-11-14T21:58:32+00:00,2025-11-14T22:02:28+00:00,500.0,19.529516,18.5885,24.9607,27.07027,15.429,30.922,500.0,12.394701999999999,12.221,13.6727,16.600479999999997,11.082,18.556
/Users/susannahufnagl/Desktop/UNI_Bachelor/TU Berlin/lebach/ba/Testresults/S2_concurrent/2025-11-14_21-58-30_run-3152/latencies_ce_nobatch_2025-11-14_21-58-30.csv,S2,2,concurrent,ce_nobatch,2025-11-14_21-58-30_run-3152,3152,2025-11-14T21:58:30,2025-11-14T21:58:30,2025-11-14,500,500,0.0,2025-11-14T21:58:32+00:00,2025-11-14T22:02:28+00:00,500.0,16.06437,14.4835,24.282949999999992,27.812709999999996,10.646,34.906,500.0,7.053824,6.827,8.203599999999998,11.905389999999999,5.838,12.754
/Users/susannahufnagl/Desktop/UNI_Bachelor/TU Berlin/lebach/ba/Testresults/S2_concurrent/2025-11-14_21-58-30_run-3152/latencies_cr_batch_2025-11-14_21-58-30.csv,S2,2,concurrent,cr_batch,2025-11-14_21-58-30_run-3152,3152,2025-11-14T21:58:30,2025-11-14T21:58:30,2025-11-14,500,500,0.0,2025-11-14T21:58:32+00:00,2025-11-14T22:02:28+00:00,500.0,97.638312,96.8495,114.82985,130.14702,73.904,148.416,500.0,13.731252,13.517,15.3978,18.675250000000002,12.295,19.583
/Users/susannahufnagl/Desktop/UNI_Bachelor/TU Berlin/lebach/ba/Testresults/S2_concurrent/2025-11-14_21-58-30_run-3152/latencies_cr_nobatch_2025-11-14_21-58-30.csv,S2,2,concurrent,cr_nobatch,2025-11-14_21-58-30_run-3152,3152,2025-11-14T21:58:30,2025-11-14T21:58:30,2025-11-14,500,500,0.0,2025-11-14T21:58:32+00:00,2025-11-14T22:02:28+00:00,500.0,95.176416,94.5065,113.00795,126.77459999999999,67.373,163.076,500.0,8.424366,8.128,12.13895,13.33631,6.931,14.381
/Users/susannahufnagl/Desktop/UNI_Bachelor/TU Berlin/lebach/ba/Testresults/S2_independent/2025-11-14_22-02-28_run-0164/latencies_ce_batch_2025-11-14_22-02-28.csv,S2,2,independent,ce_batch,2025-11-14_22-02-28_run-0164,0164,2025-11-14T22:02:28,2025-11-14T22:02:28,2025-11-14,500,500,0.0,2025-11-14T22:02:30+00:00,2025-11-14T22:04:21+00:00,500.0,18.61425,17.776,24.17775,26.88091,15.465,29.074,500.0,12.211115999999999,12.05,13.3342,16.59504,11.067,18.577
/Users/susannahufnagl/Desktop/UNI_Bachelor/TU Berlin/lebach/ba/Testresults/S2_independent/2025-11-14_22-02-28_run-0164/latencies_ce_nobatch_2025-11-14_22-02-28.csv,S2,2,independent,ce_nobatch,2025-11-14_22-02-28_run-0164,0164,2025-11-14T22:02:28,2025-11-14T22:02:28,2025-11-14,500,500,0.0,2025-11-14T22:02:30+00:00,2025-11-14T22:04:19+00:00,500.0,13.666086,12.665,21.124749999999995,26.713029999999993,10.155,30.739,500.0,6.99978,6.8515,8.129199999999999,11.304699999999997,5.858,12.056
/Users/susannahufnagl/Desktop/UNI_Bachelor/TU Berlin/lebach/ba/Testresults/S2_independent/2025-11-14_22-02-28_run-0164/latencies_cr_batch_2025-11-14_22-02-28.csv,S2,2,independent,cr_batch,2025-11-14_22-02-28_run-0164,0164,2025-11-14T22:02:28,2025-11-14T22:02:28,2025-11-14,500,500,0.0,2025-11-14T22:02:30+00:00,2025-11-14T22:04:45+00:00,500.0,95.43094,99.179,122.9307,131.50776,50.295,154.428,500.0,13.699294000000002,13.473500000000001,15.356499999999997,18.84422,12.235,21.81
/Users/susannahufnagl/Desktop/UNI_Bachelor/TU Berlin/lebach/ba/Testresults/S2_independent/2025-11-14_22-02-28_run-0164/latencies_cr_nobatch_2025-11-14_22-02-28.csv,S2,2,independent,cr_nobatch,2025-11-14_22-02-28_run-0164,0164,2025-11-14T22:02:28,2025-11-14T22:02:28,2025-11-14,500,500,0.0,2025-11-14T22:02:30+00:00,2025-11-14T22:04:44+00:00,500.0,91.697584,94.66499999999999,118.8628,132.18423,48.141,138.251,500.0,8.382956,8.096499999999999,11.272649999999985,13.587609999999998,6.759,14.571
/Users/susannahufnagl/Desktop/UNI_Bachelor/TU Berlin/lebach/ba/Testresults/S0_concurrent/2025-11-15_15-02-42_run-9972/latencies_ce_batch_2025-11-15_15-02-42.csv,S0,0,concurrent,ce_batch,2025-11-15_15-02-42_run-9972,9972,2025-11-15T15:02:42,2025-11-15T15:02:42,2025-11-15,500,500,0.0,2025-11-15T15:02:44+00:00,2025-11-15T15:06:49+00:00,500.0,13.531158,12.858,17.7247,21.095269999999996,10.431,27.525,500.0,12.093358,11.8525,13.52235,17.44653,9.53,26.988
/Users/susannahufnagl/Desktop/UNI_Bachelor/TU Berlin/lebach/ba/Testresults/S0_concurrent/2025-11-15_15-02-42_run-9972/latencies_ce_nobatch_2025-11-15_15-02-42.csv,S0,0,concurrent,ce_nobatch,2025-11-15_15-02-42_run-9972,9972,2025-11-15T15:02:42,2025-11-15T15:02:42,2025-11-15,500,500,0.0,2025-11-15T15:02:44+00:00,2025-11-15T15:06:49+00:00,500.0,8.282752,7.694,11.9091,15.335319999999994,5.125,20.817,500.0,6.618164,6.5095,7.948299999999999,10.06814,4.343,11.518
/Users/susannahufnagl/Desktop/UNI_Bachelor/TU Berlin/lebach/ba/Testresults/S0_concurrent/2025-11-15_15-02-42_run-9972/latencies_cr_batch_2025-11-15_15-02-42.csv,S0,0,concurrent,cr_batch,2025-11-15_15-02-42_run-9972,9972,2025-11-15T15:02:42,2025-11-15T15:02:42,2025-11-15,500,500,0.0,2025-11-15T15:02:44+00:00,2025-11-15T15:06:49+00:00,500.0,114.826674,112.62100000000001,143.78474999999997,158.65509999999998,77.184,176.141,500.0,13.237362000000001,12.8875,15.1245,20.47084,11.574,28.341
/Users/susannahufnagl/Desktop/UNI_Bachelor/TU Berlin/lebach/ba/Testresults/S0_concurrent/2025-11-15_15-02-42_run-9972/latencies_cr_nobatch_2025-11-15_15-02-42.csv,S0,0,concurrent,cr_nobatch,2025-11-15_15-02-42_run-9972,9972,2025-11-15T15:02:42,2025-11-15T15:02:42,2025-11-15,500,500,0.0,2025-11-15T15:02:44+00:00,2025-11-15T15:06:49+00:00,500.0,110.37026800000001,107.90950000000001,144.60964999999996,159.76428,68.648,178.109,500.0,7.6087299999999995,7.4455,8.5747,13.758889999999997,6.31,18.955
/Users/susannahufnagl/Desktop/UNI_Bachelor/TU Berlin/lebach/ba/Testresults/S0_independent/2025-11-15_15-06-49_run-9011/latencies_ce_batch_2025-11-15_15-06-49.csv,S0,0,independent,ce_batch,2025-11-15_15-06-49_run-9011,9011,2025-11-15T15:06:49,2025-11-15T15:06:49,2025-11-15,500,500,0.0,2025-11-15T15:06:51+00:00,2025-11-15T15:08:48+00:00,500.0,13.335,12.751999999999999,17.187399999999986,22.109360000000002,11.446,24.329,500.0,11.85408,11.690000000000001,13.019499999999997,14.624619999999988,10.741,21.342
/Users/susannahufnagl/Desktop/UNI_Bachelor/TU Berlin/lebach/ba/Testresults/S0_independent/2025-11-15_15-06-49_run-9011/latencies_ce_nobatch_2025-11-15_15-06-49.csv,S0,0,independent,ce_nobatch,2025-11-15_15-06-49_run-9011,9011,2025-11-15T15:06:49,2025-11-15T15:06:49,2025-11-15,500,500,0.0,2025-11-15T15:06:51+00:00,2025-11-15T15:08:46+00:00,500.0,8.097866,7.492,12.104249999999995,14.753699999999993,6.027,20.05,500.0,6.568634,6.4625,7.629049999999999,8.44138,5.564,12.035
/Users/susannahufnagl/Desktop/UNI_Bachelor/TU Berlin/lebach/ba/Testresults/S0_independent/2025-11-15_15-06-49_run-9011/latencies_cr_batch_2025-11-15_15-06-49.csv,S0,0,independent,cr_batch,2025-11-15_15-06-49_run-9011,9011,2025-11-15T15:06:49,2025-11-15T15:06:49,2025-11-15,500,500,0.0,2025-11-15T15:06:51+00:00,2025-11-15T15:09:15+00:00,500.0,99.914338,105.721,132.98205,144.15609999999998,51.701,162.867,500.0,13.025887999999998,12.895,14.126949999999999,15.316359999999992,11.68,20.814
/Users/susannahufnagl/Desktop/UNI_Bachelor/TU Berlin/lebach/ba/Testresults/S0_independent/2025-11-15_15-06-49_run-9011/latencies_cr_nobatch_2025-11-15_15-06-49.csv,S0,0,independent,cr_nobatch,2025-11-15_15-06-49_run-9011,9011,2025-11-15T15:06:49,2025-11-15T15:06:49,2025-11-15,500,500,0.0,2025-11-15T15:06:51+00:00,2025-11-15T15:09:13+00:00,500.0,94.98249,100.06,129.08625,139.43944,50.649,150.431,500.0,7.7185619999999995,7.4615,8.73925,14.949099999999996,6.531,17.813
/Users/susannahufnagl/Desktop/UNI_Bachelor/TU Berlin/lebach/ba/Testresults/S1_concurrent/2025-11-15_13-58-39_run-5479/latencies_ce_batch_2025-11-15_13-58-39.csv,S1,1,concurrent,ce_batch,2025-11-15_13-58-39_run-5479,5479,2025-11-15T13:58:39,2025-11-15T13:58:39,2025-11-15,500,500,0.0,2025-11-15T13:58:41+00:00,2025-11-15T14:02:40+00:00,500.0,18.339294000000002,17.7545,23.36695,25.971979999999984,14.759,38.862,500.0,12.000110000000001,11.894,13.238499999999998,15.55139,9.709,20.263
/Users/susannahufnagl/Desktop/UNI_Bachelor/TU Berlin/lebach/ba/Testresults/S1_concurrent/2025-11-15_13-58-39_run-5479/latencies_ce_nobatch_2025-11-15_13-58-39.csv,S1,1,concurrent,ce_nobatch,2025-11-15_13-58-39_run-5479,5479,2025-11-15T13:58:39,2025-11-15T13:58:39,2025-11-15,500,500,0.0,2025-11-15T13:58:41+00:00,2025-11-15T14:02:40+00:00,500.0,12.998768,12.32,18.05504999999999,20.372319999999977,8.506,31.327,500.0,6.630864,6.5225,7.780999999999998,8.953149999999994,3.768,15.2
/Users/susannahufnagl/Desktop/UNI_Bachelor/TU Berlin/lebach/ba/Testresults/S1_concurrent/2025-11-15_13-58-39_run-5479/latencies_cr_batch_2025-11-15_13-58-39.csv,S1,1,concurrent,cr_batch,2025-11-15_13-58-39_run-5479,5479,2025-11-15T13:58:39,2025-11-15T13:58:39,2025-11-15,500,500,0.0,2025-11-15T13:58:41+00:00,2025-11-15T14:02:40+00:00,500.0,104.748312,103.353,127.0161,148.2567,73.232,197.645,500.0,13.286273999999999,12.937999999999999,14.6641,21.96569,11.793,41.426
/Users/susannahufnagl/Desktop/UNI_Bachelor/TU Berlin/lebach/ba/Testresults/S1_concurrent/2025-11-15_13-58-39_run-5479/latencies_cr_nobatch_2025-11-15_13-58-39.csv,S1,1,concurrent,cr_nobatch,2025-11-15_13-58-39_run-5479,5479,2025-11-15T13:58:39,2025-11-15T13:58:39,2025-11-15,500,500,0.0,2025-11-15T13:58:41+00:00,2025-11-15T14:02:40+00:00,500.0,99.75425800000001,97.792,122.1657,144.85477,69.152,157.978,500.0,7.729154,7.4985,8.746999999999996,15.059739999999996,6.6,16.975
/Users/susannahufnagl/Desktop/UNI_Bachelor/TU Berlin/lebach/ba/Testresults/S1_independent/2025-11-15_14-02-41_run-2403/latencies_ce_batch_2025-11-15_14-02-41.csv,S1,1,independent,ce_batch,2025-11-15_14-02-41_run-2403,2403,2025-11-15T14:02:41,2025-11-15T14:02:41,2025-11-15,500,500,0.0,2025-11-15T14:02:42+00:00,2025-11-15T14:04:36+00:00,500.0,17.535686000000002,17.1355,21.27735,23.70068,14.022,33.513,500.0,11.67933,11.6225,12.70155,13.605459999999997,9.857,14.535
/Users/susannahufnagl/Desktop/UNI_Bachelor/TU Berlin/lebach/ba/Testresults/S1_independent/2025-11-15_14-02-41_run-2403/latencies_ce_nobatch_2025-11-15_14-02-41.csv,S1,1,independent,ce_nobatch,2025-11-15_14-02-41_run-2403,2403,2025-11-15T14:02:41,2025-11-15T14:02:41,2025-11-15,500,500,0.0,2025-11-15T14:02:42+00:00,2025-11-15T14:04:34+00:00,500.0,12.316253999999999,11.907,15.8653,19.371209999999998,9.254,22.494,500.0,6.470324,6.4125,7.391149999999996,8.029069999999999,5.427,9.048
/Users/susannahufnagl/Desktop/UNI_Bachelor/TU Berlin/lebach/ba/Testresults/S1_independent/2025-11-15_14-02-41_run-2403/latencies_cr_batch_2025-11-15_14-02-41.csv,S1,1,independent,cr_batch,2025-11-15_14-02-41_run-2403,2403,2025-11-15T14:02:41,2025-11-15T14:02:41,2025-11-15,500,500,0.0,2025-11-15T14:02:42+00:00,2025-11-15T14:05:00+00:00,500.0,97.297248,101.234,129.97975,140.36102,51.481,162.757,500.0,12.920005999999999,12.843,13.889449999999998,14.438469999999995,11.873,15.435
/Users/susannahufnagl/Desktop/UNI_Bachelor/TU Berlin/lebach/ba/Testresults/S1_independent/2025-11-15_14-02-41_run-2403/latencies_cr_nobatch_2025-11-15_14-02-41.csv,S1,1,independent,cr_nobatch,2025-11-15_14-02-41_run-2403,2403,2025-11-15T14:02:41,2025-11-15T14:02:41,2025-11-15,500,500,0.0,2025-11-15T14:02:42+00:00,2025-11-15T14:04:59+00:00,500.0,92.195922,96.2465,121.77085,133.44635,48.388,155.416,500.0,7.7306919999999995,7.484,8.68015,15.616279999999993,6.514,18.751
/Users/susannahufnagl/Desktop/UNI_Bachelor/TU Berlin/lebach/ba/Testresults/S2_concurrent/2025-11-15_13-18-29_run-0145/latencies_ce_batch_2025-11-15_13-18-29.csv,S2,2,concurrent,ce_batch,2025-11-15_13-18-29_run-0145,0145,2025-11-15T13:18:29,2025-11-15T13:18:29,2025-11-15,500,500,0.0,2025-11-15T13:18:31+00:00,2025-11-15T13:22:30+00:00,500.0,17.914227999999998,17.317500000000003,22.333199999999998,24.895149999999997,15.016,28.686,500.0,11.77232,11.6975,12.924499999999998,14.165229999999998,8.993,18.243
/Users/susannahufnagl/Desktop/UNI_Bachelor/TU Berlin/lebach/ba/Testresults/S2_concurrent/2025-11-15_13-18-29_run-0145/latencies_ce_nobatch_2025-11-15_13-18-29.csv,S2,2,concurrent,ce_nobatch,2025-11-15_13-18-29_run-0145,0145,2025-11-15T13:18:29,2025-11-15T13:18:29,2025-11-15,500,500,0.0,2025-11-15T13:18:31+00:00,2025-11-15T13:22:30+00:00,500.0,12.517836,11.972000000000001,16.88724999999999,20.28032,8.498,25.45,500.0,6.421216,6.388999999999999,7.4974,7.940539999999999,3.737,9.593
/Users/susannahufnagl/Desktop/UNI_Bachelor/TU Berlin/lebach/ba/Testresults/S2_concurrent/2025-11-15_13-18-29_run-0145/latencies_cr_batch_2025-11-15_13-18-29.csv,S2,2,concurrent,cr_batch,2025-11-15_13-18-29_run-0145,0145,2025-11-15T13:18:29,2025-11-15T13:18:29,2025-11-15,500,500,0.0,2025-11-15T13:18:31+00:00,2025-11-15T13:22:30+00:00,500.0,103.046948,101.8255,124.60579999999999,143.76662,74.984,155.93,500.0,12.988541999999999,12.7295,14.190749999999998,20.222949999999997,11.718,32.807
/Users/susannahufnagl/Desktop/UNI_Bachelor/TU Berlin/lebach/ba/Testresults/S2_concurrent/2025-11-15_13-18-29_run-0145/latencies_cr_nobatch_2025-11-15_13-18-29.csv,S2,2,concurrent,cr_nobatch,2025-11-15_13-18-29_run-0145,0145,2025-11-15T13:18:29,2025-11-15T13:18:29,2025-11-15,500,500,0.0,2025-11-15T13:18:31+00:00,2025-11-15T13:22:30+00:00,500.0,98.497416,95.69900000000001,124.53719999999991,151.68544999999997,68.543,160.54,500.0,7.488196,7.3365,8.330799999999998,13.944259999999995,6.388,19.591
/Users/susannahufnagl/Desktop/UNI_Bachelor/TU Berlin/lebach/ba/Testresults/S2_independent/2025-11-15_13-22-31_run-8188/latencies_ce_batch_2025-11-15_13-22-31.csv,S2,2,independent,ce_batch,2025-11-15_13-22-31_run-8188,8188,2025-11-15T13:22:31,2025-11-15T13:22:31,2025-11-15,500,500,0.0,2025-11-15T13:22:32+00:00,2025-11-15T13:24:27+00:00,500.0,17.676012,17.151,21.34835,26.11114,13.931,29.739,500.0,11.74202,11.6235,12.881549999999999,13.629639999999998,9.649,20.346
/Users/susannahufnagl/Desktop/UNI_Bachelor/TU Berlin/lebach/ba/Testresults/S2_independent/2025-11-15_13-22-31_run-8188/latencies_ce_nobatch_2025-11-15_13-22-31.csv,S2,2,independent,ce_nobatch,2025-11-15_13-22-31_run-8188,8188,2025-11-15T13:22:31,2025-11-15T13:22:31,2025-11-15,500,500,0.0,2025-11-15T13:22:32+00:00,2025-11-15T13:24:23+00:00,500.0,12.339448,11.809,16.695199999999996,19.19352,9.137,21.015,500.0,6.494868,6.3795,7.637449999999999,8.485719999999995,4.404,12.016
/Users/susannahufnagl/Desktop/UNI_Bachelor/TU Berlin/lebach/ba/Testresults/S2_independent/2025-11-15_13-22-31_run-8188/latencies_cr_batch_2025-11-15_13-22-31.csv,S2,2,independent,cr_batch,2025-11-15_13-22-31_run-8188,8188,2025-11-15T13:22:31,2025-11-15T13:22:31,2025-11-15,500,500,0.0,2025-11-15T13:22:32+00:00,2025-11-15T13:24:51+00:00,500.0,97.019436,102.163,126.6494,139.82528,49.849,164.138,500.0,12.820552,12.6345,13.75165,18.17923999999998,11.686,24.831
/Users/susannahufnagl/Desktop/UNI_Bachelor/TU Berlin/lebach/ba/Testresults/S2_independent/2025-11-15_13-22-31_run-8188/latencies_cr_nobatch_2025-11-15_13-22-31.csv,S2,2,independent,cr_nobatch,2025-11-15_13-22-31_run-8188,8188,2025-11-15T13:22:31,2025-11-15T13:22:31,2025-11-15,500,500,0.0,2025-11-15T13:22:32+00:00,2025-11-15T13:24:49+00:00,500.0,91.644708,96.3845,122.02044999999997,138.04573,49.305,156.139,500.0,7.403122,7.2705,8.29105,10.432549999999997,6.106,20.76
/Users/susannahufnagl/Desktop/UNI_Bachelor/TU Berlin/lebach/ba/Testresults/S3_concurrent/2025-11-15_12-37-27_run-0779/latencies_ce_batch_2025-11-15_12-37-27.csv,S3,3,concurrent,ce_batch,2025-11-15_12-37-27_run-0779,0779,2025-11-15T12:37:27,2025-11-15T12:37:27,2025-11-15,500,500,0.0,2025-11-15T12:37:29+00:00,2025-11-15T12:41:35+00:00,500.0,20.277632,19.0185,26.39774999999999,31.966949999999997,15.545,66.198,500.0,12.42016,12.0655,13.759799999999993,19.31121,10.868,49.076
/Users/susannahufnagl/Desktop/UNI_Bachelor/TU Berlin/lebach/ba/Testresults/S3_concurrent/2025-11-15_12-37-27_run-0779/latencies_ce_nobatch_2025-11-15_12-37-27.csv,S3,3,concurrent,ce_nobatch,2025-11-15_12-37-27_run-0779,0779,2025-11-15T12:37:27,2025-11-15T12:37:27,2025-11-15,500,500,0.0,2025-11-15T12:37:29+00:00,2025-11-15T12:41:35+00:00,500.0,16.706866,14.84,25.28919999999999,28.81216,9.698,59.908,500.0,6.780674,6.6185,8.118599999999999,9.998269999999994,5.427,17.003
/Users/susannahufnagl/Desktop/UNI_Bachelor/TU Berlin/lebach/ba/Testresults/S3_concurrent/2025-11-15_12-37-27_run-0779/latencies_cr_batch_2025-11-15_12-37-27.csv,S3,3,concurrent,cr_batch,2025-11-15_12-37-27_run-0779,0779,2025-11-15T12:37:27,2025-11-15T12:37:27,2025-11-15,500,500,0.0,2025-11-15T12:37:29+00:00,2025-11-15T12:41:35+00:00,500.0,107.374044,105.75999999999999,133.5695,157.92981999999998,77.284,162.95,500.0,13.00084,12.713000000000001,14.179599999999999,20.260499999999986,11.628,25.78
/Users/susannahufnagl/Desktop/UNI_Bachelor/TU Berlin/lebach/ba/Testresults/S3_concurrent/2025-11-15_12-37-27_run-0779/latencies_cr_nobatch_2025-11-15_12-37-27.csv,S3,3,concurrent,cr_nobatch,2025-11-15_12-37-27_run-0779,0779,2025-11-15T12:37:27,2025-11-15T12:37:27,2025-11-15,500,500,0.0,2025-11-15T12:37:29+00:00,2025-11-15T12:41:35+00:00,500.0,103.06516,101.049,127.83514999999998,150.23686,68.643,168.126,500.0,7.564304,7.3405000000000005,8.7881,12.127249999999993,6.44,17.864
/Users/susannahufnagl/Desktop/UNI_Bachelor/TU Berlin/lebach/ba/Testresults/S3_independent/2025-11-15_12-41-35_run-6785/latencies_ce_batch_2025-11-15_12-41-35.csv,S3,3,independent,ce_batch,2025-11-15_12-41-35_run-6785,6785,2025-11-15T12:41:35,2025-11-15T12:41:35,2025-11-15,500,500,0.0,2025-11-15T12:41:37+00:00,2025-11-15T12:43:36+00:00,500.0,18.370494,17.6625,23.41725,27.206289999999992,14.915,46.153,500.0,11.865642,11.701,12.99095,14.103449999999999,10.662,41.442
/Users/susannahufnagl/Desktop/UNI_Bachelor/TU Berlin/lebach/ba/Testresults/S3_independent/2025-11-15_12-41-35_run-6785/latencies_ce_nobatch_2025-11-15_12-41-35.csv,S3,3,independent,ce_nobatch,2025-11-15_12-41-35_run-6785,6785,2025-11-15T12:41:35,2025-11-15T12:41:35,2025-11-15,500,500,0.0,2025-11-15T12:41:37+00:00,2025-11-15T12:43:33+00:00,500.0,13.496114000000002,12.597000000000001,19.54744999999999,24.16145,9.966,28.128,500.0,6.568982,6.455500000000001,7.680299999999999,8.93301,5.434,12.978
/Users/susannahufnagl/Desktop/UNI_Bachelor/TU Berlin/lebach/ba/Testresults/S3_independent/2025-11-15_12-41-35_run-6785/latencies_cr_batch_2025-11-15_12-41-35.csv,S3,3,independent,cr_batch,2025-11-15_12-41-35_run-6785,6785,2025-11-15T12:41:35,2025-11-15T12:41:35,2025-11-15,500,500,0.0,2025-11-15T12:41:37+00:00,2025-11-15T12:44:01+00:00,500.0,100.28353,104.76750000000001,135.43044999999998,152.0314,50.18,179.038,500.0,12.959956,12.780999999999999,14.088449999999998,16.99363999999997,11.779,21.141
/Users/susannahufnagl/Desktop/UNI_Bachelor/TU Berlin/lebach/ba/Testresults/S3_independent/2025-11-15_12-41-35_run-6785/latencies_cr_nobatch_2025-11-15_12-41-35.csv,S3,3,independent,cr_nobatch,2025-11-15_12-41-35_run-6785,6785,2025-11-15T12:41:35,2025-11-15T12:41:35,2025-11-15,500,500,0.0,2025-11-15T12:41:37+00:00,2025-11-15T12:43:59+00:00,500.0,95.78206599999999,98.9545,130.50719999999998,146.2745,49.656,159.312,500.0,7.593682,7.4025,8.6025,14.408929999999996,6.373,19.183
/Users/susannahufnagl/Desktop/UNI_Bachelor/TU Berlin/lebach/ba/Testresults/S4_concurrent/2025-11-15_14-49-05_run-6777/latencies_ce_batch_2025-11-15_14-49-05.csv,S4,4,concurrent,ce_batch,2025-11-15_14-49-05_run-6777,6777,2025-11-15T14:49:05,2025-11-15T14:49:05,2025-11-15,500,500,0.0,2025-11-15T14:49:07+00:00,2025-11-15T14:53:14+00:00,500.0,22.911292,21.2515,33.129699999999985,47.59871999999999,16.28,54.976,500.0,14.37733,13.232,20.511599999999994,26.448499999999992,10.48,43.925
/Users/susannahufnagl/Desktop/UNI_Bachelor/TU Berlin/lebach/ba/Testresults/S4_concurrent/2025-11-15_14-49-05_run-6777/latencies_ce_nobatch_2025-11-15_14-49-05.csv,S4,4,concurrent,ce_nobatch,2025-11-15_14-49-05_run-6777,6777,2025-11-15T14:49:05,2025-11-15T14:49:05,2025-11-15,500,500,0.0,2025-11-15T14:49:07+00:00,2025-11-15T14:53:14+00:00,500.0,16.765962,15.286999999999999,26.588499999999993,32.89978999999998,11.061,45.296,500.0,8.331372,7.483,13.261599999999996,18.51227999999999,4.356,37.752
/Users/susannahufnagl/Desktop/UNI_Bachelor/TU Berlin/lebach/ba/Testresults/S4_concurrent/2025-11-15_14-49-05_run-6777/latencies_cr_batch_2025-11-15_14-49-05.csv,S4,4,concurrent,cr_batch,2025-11-15_14-49-05_run-6777,6777,2025-11-15T14:49:05,2025-11-15T14:49:05,2025-11-15,500,500,0.0,2025-11-15T14:49:07+00:00,2025-11-15T14:53:14+00:00,500.0,111.368878,109.4235,135.3981,152.50231999999997,75.734,171.589,500.0,12.862881999999999,12.64,13.972899999999996,16.835049999999995,11.643,29.698
/Users/susannahufnagl/Desktop/UNI_Bachelor/TU Berlin/lebach/ba/Testresults/S4_concurrent/2025-11-15_14-49-05_run-6777/latencies_cr_nobatch_2025-11-15_14-49-05.csv,S4,4,concurrent,cr_nobatch,2025-11-15_14-49-05_run-6777,6777,2025-11-15T14:49:05,2025-11-15T14:49:05,2025-11-15,500,500,0.0,2025-11-15T14:49:07+00:00,2025-11-15T14:53:14+00:00,500.0,105.50829399999999,103.9245,134.50025,149.91357000000002,68.046,171.204,500.0,7.329542,7.1875,8.190399999999999,10.292529999999985,6.238,17.836
/Users/susannahufnagl/Desktop/UNI_Bachelor/TU Berlin/lebach/ba/Testresults/S4_independent/2025-11-15_14-53-15_run-7276/latencies_ce_batch_2025-11-15_14-53-15.csv,S4,4,independent,ce_batch,2025-11-15_14-53-15_run-7276,7276,2025-11-15T14:53:15,2025-11-15T14:53:15,2025-11-15,500,500,0.0,2025-11-15T14:53:17+00:00,2025-11-15T14:55:19+00:00,500.0,22.523708,20.439500000000002,32.351949999999995,42.55118999999999,16.605,55.364,500.0,14.443389999999999,13.280000000000001,20.93884999999999,25.91986999999999,11.448,39.592
/Users/susannahufnagl/Desktop/UNI_Bachelor/TU Berlin/lebach/ba/Testresults/S4_independent/2025-11-15_14-53-15_run-7276/latencies_ce_nobatch_2025-11-15_14-53-15.csv,S4,4,independent,ce_nobatch,2025-11-15_14-53-15_run-7276,7276,2025-11-15T14:53:15,2025-11-15T14:53:15,2025-11-15,500,500,0.0,2025-11-15T14:53:17+00:00,2025-11-15T14:55:16+00:00,500.0,16.141744,14.381,26.092899999999997,34.58577,10.329,42.616,500.0,8.09308,7.239000000000001,13.528299999999994,17.91944,5.067,21.839
/Users/susannahufnagl/Desktop/UNI_Bachelor/TU Berlin/lebach/ba/Testresults/S4_independent/2025-11-15_14-53-15_run-7276/latencies_cr_batch_2025-11-15_14-53-15.csv,S4,4,independent,cr_batch,2025-11-15_14-53-15_run-7276,7276,2025-11-15T14:53:15,2025-11-15T14:53:15,2025-11-15,500,500,0.0,2025-11-15T14:53:17+00:00,2025-11-15T14:55:43+00:00,500.0,101.967506,106.86,135.0453,143.01937999999998,50.684,285.798,500.0,12.953986,12.661999999999999,14.16695,20.594579999999997,11.54,21.691
/Users/susannahufnagl/Desktop/UNI_Bachelor/TU Berlin/lebach/ba/Testresults/S4_independent/2025-11-15_14-53-15_run-7276/latencies_cr_nobatch_2025-11-15_14-53-15.csv,S4,4,independent,cr_nobatch,2025-11-15_14-53-15_run-7276,7276,2025-11-15T14:53:15,2025-11-15T14:53:15,2025-11-15,500,500,0.0,2025-11-15T14:53:17+00:00,2025-11-15T14:55:41+00:00,500.0,96.915378,102.43350000000001,130.2496,141.31423999999998,48.606,181.189,500.0,7.229443999999999,7.156499999999999,8.0892,8.50767,6.222,11.61
